timestamp,can_id,data_hex,speed_kph,rpm,throttle_pct,engine_temp_c,brake_pct
0.0,0x0CFF0500,0E FE 18 00 76 00 00 00,0.07,959.54,9.75,78.09,0.38
0.1,0x0CFF0500,0E 5E 18 00 75 01 00 00,0.69,919.68,9.55,77.99,0.45
0.2,0x0CFF0500,0F CD 13 00 76 16 00 00,0.0,1011.25,7.54,78.09,8.84
0.3,0x0CFF0500,11 63 1E 00 76 0C 00 00,0.0,1112.82,12.15,78.15,5.05
0.4,0x0CFF0500,12 99 21 00 76 25 00 00,0.0,1190.28,12.98,78.22,14.6
0.5,0x0CFF0500,11 B1 27 00 76 01 00 00,0.55,1132.49,15.32,78.14,0.69
0.6,0x0CFF0500,11 A7 2B 00 76 0D 00 00,0.34,1129.95,17.04,78.34,5.47
0.7,0x0CFF0500,13 63 25 00 76 1B 00 00,0.0,1240.77,14.58,78.42,10.94
0.8,0x0CFF0500,13 19 2E 00 76 1D 00 00,0.0,1222.26,18.17,78.35,11.64
0.9,0x0CFF0500,15 02 38 00 76 0C 00 00,0.63,1344.66,22.05,78.36,4.72
1.0,0x0CFF0500,15 68 3A 02 76 0A 00 00,2.45,1370.01,23.1,78.27,3.94
1.1,0x0CFF0500,16 CE 32 03 76 01 00 00,3.99,1459.57,19.92,78.27,0.71
1.2,0x0CFF0500,16 4F 3F 05 76 14 00 00,5.27,1427.87,24.89,78.39,7.94
1.3,0x0CFF0500,17 0E 3B 05 76 18 00 00,5.32,1475.55,23.29,78.6,9.61
1.4,0x0CFF0500,17 92 3C 07 76 06 00 00,7.33,1508.69,23.79,78.68,2.68
1.5,0x0CFF0500,3A 53 43 08 76 14 00 00,8.04,3732.8,26.66,78.64,8.09
1.6,0x0CFF0500,34 E7 4C 0A 76 0B 00 00,10.22,3385.75,30.14,78.54,4.61
1.7,0x0CFF0500,30 0E 54 0A 76 1D 00 00,10.75,3075.67,32.99,78.51,11.49
1.8,0x0CFF0500,2B A2 4E 0B 76 14 00 00,11.1,2792.69,30.89,78.76,8.09
1.9,0x0CFF0500,29 6F 50 0C 76 04 00 00,12.72,2652.0,31.55,78.7,1.82
2.0,0x0CFF0500,26 EC 54 0F 76 08 00 00,15.25,2491.05,33.23,78.64,3.43
2.1,0x0CFF0500,26 CC 4D 0F 76 23 00 00,15.22,2483.03,30.42,78.81,14.03
2.2,0x0CFF0500,26 AA 4D 10 77 10 00 00,16.84,2474.62,30.3,79.05,6.35
2.3,0x0CFF0500,25 C3 4A 10 77 20 00 00,16.34,2416.98,29.36,79.07,12.93
2.4,0x0CFF0500,24 98 55 11 77 10 00 00,17.8,2342.25,33.67,79.31,6.65
2.5,0x0CFF0500,24 AE 60 12 77 20 00 00,18.52,2347.54,38.0,79.32,12.73
2.6,0x0CFF0500,26 27 6D 14 77 0A 00 00,20.84,2441.98,42.87,79.55,3.98
2.7,0x0CFF0500,28 93 73 18 77 05 00 00,24.6,2596.82,45.34,79.61,2.32
2.8,0x0CFF0500,2B D3 76 1A 77 13 00 00,26.04,2804.8,46.59,79.5,7.54
2.9,0x0CFF0500,2D 13 7C 1D 77 08 00 00,29.7,2884.75,48.67,79.59,3.53
3.0,0x0CFF0500,2F BE 7F 1F 77 13 00 00,31.43,3055.63,49.92,79.54,7.84
3.1,0x0CFF0500,31 3B 7B 21 77 0C 00 00,33.27,3150.88,48.62,79.8,4.74
3.2,0x0CFF0500,33 F4 76 24 77 0A 00 00,36.69,3325.16,46.54,79.81,3.98
3.3,0x0CFF0500,34 29 7C 27 77 17 00 00,39.04,3338.3,48.87,79.99,9.18
3.4,0x0CFF0500,36 B2 87 29 77 05 00 00,41.69,3500.56,53.32,79.97,2.01
3.5,0x0CFF0500,39 C6 82 2B 78 18 00 00,43.82,3697.69,51.16,80.17,9.51
3.6,0x0CFF0500,3A CE 7E 2F 78 00 00 00,47.56,3763.51,49.65,80.34,0.05
3.7,0x0CFF0500,3C B6 74 33 78 02 00 00,51.4,3885.61,45.73,80.54,1.13
3.8,0x0CFF0500,3F 4B 6D 36 78 0B 00 00,54.3,4050.84,42.88,80.77,4.62
3.9,0x0CFF0500,40 70 65 37 78 1D 00 00,55.14,4124.14,39.81,80.71,11.7
4.0,0x0CFF0500,42 18 71 37 78 1F 00 00,55.49,4230.2,44.59,80.72,12.16
4.1,0x0CFF0500,42 45 7B 39 78 1F 00 00,57.63,4241.43,48.37,80.94,12.16
4.2,0x0CFF0500,43 96 83 3C 78 11 00 00,60.8,4325.5,51.72,80.83,6.9
4.3,0x0CFF0500,45 BA 8D 3E 79 24 00 00,62.79,4462.73,55.5,81.1,14.5
4.4,0x0CFF0500,47 21 85 41 79 25 00 00,65.21,4552.42,52.54,81.03,14.56
4.5,0x0CFF0500,49 4E 82 43 8A 17 00 00,67.21,4691.73,51.36,98.27,9.09
4.6,0x0CFF0500,4A D5 85 45 8A 1B 00 00,69.59,4789.38,52.2,98.18,10.79
4.7,0x0CFF0500,4B F1 82 46 8A 20 00 00,70.86,4860.49,51.03,98.23,12.72
4.8,0x0CFF0500,4E B1 7A 49 8A 10 00 00,73.64,5036.25,48.18,98.37,6.31
4.9,0x0CFF0500,50 2B 70 4C 8A 0A 00 00,76.24,5130.76,44.18,98.44,4.3
5.0,0x0CFF0500,4F C4 71 4C 8A 22 00 00,76.67,5105.23,44.44,98.54,13.52
5.1,0x0CFF0500,50 46 79 4D 8A 1C 00 00,77.77,5137.61,47.8,98.44,11.27
5.2,0x0CFF0500,51 9A 83 51 8A 02 00 00,81.47,5222.71,51.45,98.61,1.09
5.3,0x0CFF0500,53 44 88 55 8A 00 00 00,85.73,5329.14,53.36,98.68,0.08
5.4,0x0CFF0500,56 52 89 5A 8A 01 00 00,90.1,5524.69,54.02,98.89,0.75
5.5,0x0CFF0500,59 D0 8D 5C 8A 24 00 00,92.06,5748.23,55.38,99.0,14.25
5.6,0x0CFF0500,5B CF 97 5E 8B 1C 00 00,94.07,5875.91,59.45,99.16,11.15
5.7,0x0CFF0500,5E 15 9B 61 8B 0A 00 00,97.3,6021.43,61.09,99.19,4.12
5.8,0x0CFF0500,60 4E 96 63 8B 1A 00 00,99.01,6163.71,59.17,99.31,10.41
5.9,0x0CFF0500,63 A7 96 65 97 22 00 00,101.49,6377.98,58.95,111.05,13.57
6.0,0x0CFF0500,66 7E 9D 67 97 20 00 00,103.73,6559.52,61.74,111.18,12.8
6.1,0x0CFF0500,66 2A 98 60 97 CC 00 00,96.25,6538.66,59.71,111.17,80.08
6.2,0x0CFF0500,65 C3 9C 64 97 01 00 00,100.61,6512.97,61.31,111.34,0.4
6.3,0x0CFF0500,67 B9 93 67 97 0E 00 00,103.46,6638.34,57.76,111.41,5.69
6.4,0x0CFF0500,66 7B 8E 5F 97 DB 00 00,95.45,6558.76,56.03,111.59,86.18
6.5,0x0CFF0500,65 69 95 60 97 24 00 00,96.47,6490.34,58.82,111.55,14.24
6.6,0x0CFF0500,66 04 90 62 97 1A 00 00,98.21,6529.23,56.78,111.77,10.49
6.7,0x0CFF0500,66 97 9C 5A 97 CA 00 00,90.96,6565.79,61.47,111.84,79.36
6.8,0x0CFF0500,67 89 A2 5E 98 17 00 00,94.55,6626.38,63.68,112.0,9.41
6.9,0x0CFF0500,68 2D AA 62 98 0D 00 00,98.19,6667.43,66.73,112.06,5.21
7.0,0x0CFF0500,69 7B A2 65 98 24 00 00,101.14,6750.91,63.68,112.15,14.41
7.1,0x0CFF0500,6A 00 9E 67 98 1E 00 00,103.63,6784.05,62.11,112.36,12.12
7.2,0x0CFF0500,6B 73 A7 6B 98 03 00 00,107.52,6876.96,65.58,112.53,1.3
7.3,0x0CFF0500,6D 60 B0 70 98 06 00 00,112.55,7000.0,69.24,112.8,2.73
7.4,0x0CFF0500,6D 60 A6 73 99 24 00 00,115.43,7000.0,65.33,113.03,14.22
7.5,0x0CFF0500,6D 60 A7 75 99 1E 00 00,117.69,7000.0,65.75,113.07,11.89
7.6,0x0CFF0500,6D 60 A9 79 99 10 00 00,121.05,7000.0,66.53,113.1,6.38
7.7,0x0CFF0500,6D 60 A3 7D 99 04 00 00,125.81,7000.0,64.26,113.11,1.79
7.8,0x0CFF0500,6D 60 B0 80 A5 14 00 00,128.66,7000.0,69.05,125.0,7.87
7.9,0x0CFF0500,6D 60 AC 83 A5 25 00 00,131.59,7000.0,67.52,125.0,14.61
8.0,0x0CFF0500,6D 60 AF 86 A5 11 00 00,134.71,7000.0,68.69,125.0,7.04
8.1,0x0CFF0500,6D 60 AE 8A A5 02 00 00,138.43,7000.0,68.29,125.0,1.11
8.2,0x0CFF0500,6D 60 A6 8D A5 1D 00 00,141.87,7000.0,65.36,125.0,11.47
8.3,0x0CFF0500,6D 60 B0 90 A5 25 00 00,144.72,7000.0,69.1,125.0,14.85
8.4,0x0CFF0500,6D 60 AA 93 A4 19 00 00,147.27,7000.0,67.0,124.92,9.91
8.5,0x0CFF0500,6D 60 A7 97 A5 08 00 00,151.75,7000.0,65.62,125.0,3.47
8.6,0x0CFF0500,6D 60 AB 9A A5 19 00 00,154.82,7000.0,67.25,125.0,9.92
8.7,0x0CFF0500,6D 60 A2 9F A5 06 00 00,159.42,7000.0,63.89,125.0,2.49
8.8,0x0CFF0500,6D 60 A8 A0 A4 24 00 00,160.0,7000.0,66.19,124.93,14.14
8.9,0x0CFF0500,6D 60 A4 A0 A5 03 00 00,160.0,7000.0,64.44,125.0,1.37
9.0,0x0CFF0500,6D 60 A0 A0 A5 01 00 00,160.0,7000.0,62.87,125.0,0.6
9.1,0x0CFF0500,6D 60 A4 A0 A5 12 00 00,160.0,7000.0,64.58,125.0,7.38
9.2,0x0CFF0500,6D 60 AA A0 A5 0B 00 00,160.0,7000.0,66.82,125.0,4.32
9.3,0x0CFF0500,6D 60 B6 A0 A5 0F 00 00,160.0,7000.0,71.55,125.0,6.06
9.4,0x0CFF0500,6D 60 B4 A0 A5 1C 00 00,160.0,7000.0,70.81,125.0,11.35
9.5,0x0CFF0500,6D 60 BA A0 A4 04 00 00,160.0,7000.0,73.09,124.98,1.82
9.6,0x0CFF0500,6D 60 B2 A0 A5 25 00 00,160.0,7000.0,69.93,125.0,14.88
9.7,0x0CFF0500,6D 60 B3 A0 A5 0A 00 00,160.0,7000.0,70.51,125.0,4.1
9.8,0x0CFF0500,6D 60 B5 A0 A5 21 00 00,160.0,7000.0,71.09,125.0,13.19
9.9,0x0CFF0500,6D 60 BD A0 A5 0A 00 00,160.0,7000.0,74.47,125.0,4.24
10.0,0x0CFF0500,6D 60 BB A0 A4 15 00 00,160.0,7000.0,73.58,124.99,8.28
10.1,0x0CFF0500,6D 60 B6 A0 A5 1D 00 00,160.0,7000.0,71.68,125.0,11.63
10.2,0x0CFF0500,6D 60 BF A0 A5 25 00 00,160.0,7000.0,75.07,125.0,14.71
10.3,0x0CFF0500,6D 60 BF A0 A5 14 00 00,160.0,7000.0,75.03,125.0,7.89
10.4,0x0CFF0500,6D 60 CB A0 A5 0C 00 00,160.0,7000.0,79.75,125.0,5.08
10.5,0x0CFF0500,6D 60 C8 A0 A4 1B 00 00,160.0,7000.0,78.6,124.94,10.78
10.6,0x0CFF0500,6D 60 D5 A0 A5 1C 00 00,160.0,7000.0,83.58,125.0,11.2
10.7,0x0CFF0500,6D 60 DF A0 A4 01 00 00,160.0,7000.0,87.71,124.97,0.69
10.8,0x0CFF0500,6D 60 E7 A0 A4 06 00 00,160.0,7000.0,90.84,124.99,2.55
10.9,0x0CFF0500,6D 60 E8 A0 A5 09 00 00,160.0,7000.0,90.99,125.0,3.81
11.0,0x0CFF0500,6D 60 E7 A0 A5 0D 00 00,160.0,7000.0,90.97,125.0,5.18
11.1,0x0CFF0500,6D 60 E6 A0 A5 12 00 00,160.0,7000.0,90.43,125.0,7.25
11.2,0x0CFF0500,6D 60 EB A0 A4 0A 00 00,160.0,7000.0,92.35,124.94,4.12
11.3,0x0CFF0500,6D 60 F6 A0 A5 0A 00 00,160.0,7000.0,96.49,125.0,4.29
11.4,0x0CFF0500,6D 60 FC A0 A5 19 00 00,160.0,7000.0,98.98,125.0,9.89
11.5,0x0CFF0500,6D 60 FF A0 A4 1C 00 00,160.0,7000.0,100.0,124.99,10.99
11.6,0x0CFF0500,6D 60 FF A0 A5 14 00 00,160.0,7000.0,100.0,125.0,7.96
11.7,0x0CFF0500,6D 60 FF A0 A5 0C 00 00,160.0,7000.0,100.0,125.0,5.08
11.8,0x0CFF0500,6D 60 FF A0 A4 24 00 00,160.0,7000.0,100.0,124.92,14.51
11.9,0x0CFF0500,6D 60 FF A0 A4 19 00 00,160.0,7000.0,100.0,124.88,10.09
12.0,0x0CFF0500,6D 60 FF A0 A5 15 00 00,160.0,7000.0,100.0,125.0,8.42
12.1,0x0CFF0500,6D 60 FE A0 A4 05 00 00,160.0,7000.0,99.67,124.95,2.1
12.2,0x0CFF0500,6D 60 FE A0 A5 19 00 00,160.0,7000.0,99.76,125.0,10.06
12.3,0x0CFF0500,6D 60 F6 A0 A5 12 00 00,160.0,7000.0,96.65,125.0,7.34
12.4,0x0CFF0500,6D 60 FF A0 A5 03 00 00,160.0,7000.0,100.0,125.0,1.49
12.5,0x0CFF0500,6D 60 F7 A0 A5 20 00 00,160.0,7000.0,97.1,125.0,12.72
12.6,0x0CFF0500,6D 60 F2 A0 A4 04 00 00,160.0,7000.0,95.29,125.0,1.89
12.7,0x0CFF0500,6D 60 F0 A0 A4 05 00 00,160.0,7000.0,94.25,124.97,2.21
12.8,0x0CFF0500,6D 60 EA 9C A5 B3 00 00,156.44,7000.0,91.82,125.0,70.45
12.9,0x0CFF0500,6D 60 F0 A0 A5 14 00 00,160.0,7000.0,94.49,125.0,7.89
13.0,0x0CFF0500,6D 60 FC A0 A5 01 00 00,160.0,7000.0,99.0,125.0,0.65
13.1,0x0CFF0500,6D 60 FD A0 A4 0F 00 00,160.0,7000.0,99.31,124.95,6.02
13.2,0x0CFF0500,6D 60 F4 A0 A5 0A 00 00,160.0,7000.0,95.91,125.0,4.13
13.3,0x0CFF0500,6D 60 F8 A0 A5 03 00 00,160.0,7000.0,97.35,125.0,1.49
13.4,0x0CFF0500,6D 60 F8 A0 A4 08 00 00,160.0,7000.0,97.42,124.95,3.43
13.5,0x0CFF0500,6D 60 F6 A0 A4 05 00 00,160.0,7000.0,96.79,124.91,2.29
13.6,0x0CFF0500,6D 60 FF A0 A4 15 00 00,160.0,7000.0,100.0,124.87,8.35
13.7,0x0CFF0500,6D 60 FF A0 A4 21 00 00,160.0,7000.0,100.0,124.93,13.02
13.8,0x0CFF0500,6D 60 FF A0 A5 08 00 00,160.0,7000.0,100.0,125.0,3.36
13.9,0x0CFF0500,6D 60 FF A0 A4 25 00 00,160.0,7000.0,100.0,124.93,14.62
14.0,0x0CFF0500,6D 60 FA A0 A4 06 00 00,160.0,7000.0,98.41,124.84,2.71
14.1,0x0CFF0500,6D 60 F9 A0 A4 05 00 00,160.0,7000.0,98.01,124.85,2.13
14.2,0x0CFF0500,6D 60 F8 A0 A4 1B 00 00,160.0,7000.0,97.34,124.78,10.82
14.3,0x0CFF0500,6D 60 FD A0 A4 0A 00 00,160.0,7000.0,99.41,124.81,4.08
14.4,0x0CFF0500,6D 60 FD A0 A4 0A 00 00,160.0,7000.0,99.28,124.74,4.25
14.5,0x0CFF0500,6D 60 F3 A0 A4 0B 00 00,160.0,7000.0,95.35,124.79,4.52
14.6,0x0CFF0500,6D 60 F1 A0 A4 1A 00 00,160.0,7000.0,94.77,124.74,10.56
14.7,0x0CFF0500,6D 60 E7 A0 A4 23 00 00,160.0,7000.0,90.94,124.94,13.82
14.8,0x0CFF0500,6D 60 DE A0 A5 0C 00 00,160.0,7000.0,87.13,125.0,4.87
14.9,0x0CFF0500,6D 60 D9 A0 A5 16 00 00,160.0,7000.0,85.32,125.0,8.83
15.0,0x0CFF0500,6D 60 DB A0 A5 04 00 00,160.0,7000.0,85.91,125.0,1.71
15.1,0x0CFF0500,6D 60 D6 A0 A5 05 00 00,160.0,7000.0,84.04,125.0,2.2
15.2,0x0CFF0500,6D 60 D7 A0 A5 1C 00 00,160.0,7000.0,84.48,125.0,11.32
15.3,0x0CFF0500,6D 60 E1 A0 A5 17 00 00,160.0,7000.0,88.26,125.0,9.41
15.4,0x0CFF0500,6D 60 E2 A0 A4 0B 00 00,160.0,7000.0,88.83,124.95,4.66
15.5,0x0CFF0500,6D 60 E6 A0 A5 13 00 00,160.0,7000.0,90.36,125.0,7.61
15.6,0x0CFF0500,6D 60 EB A0 A4 0C 00 00,160.0,7000.0,92.23,124.96,4.82
15.7,0x0CFF0500,6D 60 F1 A0 A5 13 00 00,160.0,7000.0,94.66,125.0,7.57
15.8,0x0CFF0500,6D 60 EF A0 A5 0A 00 00,160.0,7000.0,94.01,125.0,4.24
15.9,0x0CFF0500,6D 60 E7 A0 A5 19 00 00,160.0,7000.0,90.87,125.0,10.18
16.0,0x0CFF0500,6D 60 EA A0 A5 05 00 00,160.0,7000.0,92.11,125.0,2.12
16.1,0x0CFF0500,6D 60 E7 A0 A5 0E 00 00,160.0,7000.0,90.9,125.0,5.65
16.2,0x0CFF0500,6D 60 E9 A0 A4 18 00 00,160.0,7000.0,91.63,124.99,9.69
16.3,0x0CFF0500,6D 60 EA A0 A4 08 00 00,160.0,7000.0,92.01,124.94,3.4
16.4,0x0CFF0500,6D 60 F4 A0 A5 01 00 00,160.0,7000.0,95.96,125.0,0.57
16.5,0x0CFF0500,6D 60 FC A0 A5 1E 00 00,160.0,7000.0,98.9,125.0,12.14
16.6,0x0CFF0500,6D 60 F8 A0 A5 1C 00 00,160.0,7000.0,97.47,125.0,11.23
16.7,0x0CFF0500,6D 60 F6 A0 A5 24 00 00,160.0,7000.0,96.78,125.0,14.21
16.8,0x0CFF0500,6D 60 FF A0 A5 1E 00 00,160.0,7000.0,100.0,125.0,12.02
16.9,0x0CFF0500,6D 60 FF A0 A5 20 00 00,160.0,7000.0,100.0,125.0,12.77
17.0,0x0CFF0500,6D 60 FF A0 A4 08 00 00,160.0,7000.0,100.0,124.94,3.33
17.1,0x0CFF0500,6D 60 FF 98 A5 F9 00 00,152.99,7000.0,100.0,125.0,97.92
17.2,0x0CFF0500,6D 60 FF 9E A4 1A 00 00,158.83,7000.0,100.0,124.92,10.44
17.3,0x0CFF0500,6D 60 FF A0 A4 14 00 00,160.0,7000.0,100.0,124.95,8.23
17.4,0x0CFF0500,6D 60 FE A0 A5 1E 00 00,160.0,7000.0,99.78,125.0,11.91
17.5,0x0CFF0500,6D 60 F7 A0 A5 10 00 00,160.0,7000.0,97.07,125.0,6.44
17.6,0x0CFF0500,6D 60 EE A0 A5 14 00 00,160.0,7000.0,93.68,125.0,7.89
17.7,0x0CFF0500,6D 60 FB 98 A5 EE 00 00,152.54,7000.0,98.51,125.0,93.66
17.8,0x0CFF0500,6D 60 F8 9F A5 01 00 00,159.89,7000.0,97.5,125.0,0.67
17.9,0x0CFF0500,6D 60 FC A0 A5 1F 00 00,160.0,7000.0,99.19,125.0,12.17
18.0,0x0CFF0500,6D 60 F3 A0 A5 23 00 00,160.0,7000.0,95.56,125.0,14.0
18.1,0x0CFF0500,6D 60 F1 A0 A5 1D 00 00,160.0,7000.0,94.78,125.0,11.71
18.2,0x0CFF0500,6D 60 FC A0 A5 0E 00 00,160.0,7000.0,98.83,125.0,5.8
18.3,0x0CFF0500,6D 60 FF A0 A5 03 00 00,160.0,7000.0,100.0,125.0,1.18
18.4,0x0CFF0500,6D 60 FB A0 A4 17 00 00,160.0,7000.0,98.76,124.93,9.04
18.5,0x0CFF0500,6D 60 FF A0 A5 0A 00 00,160.0,7000.0,100.0,125.0,4.12
18.6,0x0CFF0500,6D 60 FF A0 A4 24 00 00,160.0,7000.0,100.0,124.93,14.29
18.7,0x0CFF0500,6D 60 FD A0 A5 0E 00 00,160.0,7000.0,99.3,125.0,5.74
18.8,0x0CFF0500,6D 60 FF A0 A4 14 00 00,160.0,7000.0,100.0,124.96,7.94
18.9,0x0CFF0500,6D 60 FD A0 A5 15 00 00,160.0,7000.0,99.48,125.0,8.43
19.0,0x0CFF0500,6D 60 FE A0 A5 04 00 00,160.0,7000.0,99.9,125.0,1.84
19.1,0x0CFF0500,6D 60 FF A0 A5 0C 00 00,160.0,7000.0,100.0,125.0,4.79
19.2,0x0CFF0500,6D 60 FF A0 A4 18 00 00,160.0,7000.0,100.0,125.0,9.57
19.3,0x0CFF0500,6D 60 F5 A0 A5 15 00 00,160.0,7000.0,96.24,125.0,8.31
19.4,0x0CFF0500,6D 60 FF A0 A4 1B 00 00,160.0,7000.0,100.0,124.95,10.78
19.5,0x0CFF0500,6D 60 FF A0 A5 1A 00 00,160.0,7000.0,100.0,125.0,10.2
19.6,0x0CFF0500,6D 60 FE A0 A4 22 00 00,160.0,7000.0,99.89,124.98,13.66
19.7,0x0CFF0500,6D 60 FC A0 A5 23 00 00,160.0,7000.0,99.01,125.0,14.11
19.8,0x0CFF0500,6D 60 F9 A0 A4 14 00 00,160.0,7000.0,97.73,124.98,8.0
19.9,0x0CFF0500,6D 60 FC A0 A4 20 00 00,160.0,7000.0,99.18,124.91,12.64
20.0,0x0CFF0500,6D 60 FF A0 A5 1D 00 00,160.0,7000.0,100.0,125.0,11.5
20.1,0x0CFF0500,6D 60 FF A0 A4 1E 00 00,160.0,7000.0,100.0,124.94,12.07
20.2,0x0CFF0500,6D 60 F9 A0 A5 17 00 00,160.0,7000.0,97.84,125.0,9.1
20.3,0x0CFF0500,6D 60 F7 A0 A5 15 00 00,160.0,7000.0,97.17,125.0,8.42
20.4,0x0CFF0500,6D 60 F6 A0 A5 17 00 00,160.0,7000.0,96.63,125.0,9.23
20.5,0x0CFF0500,6D 60 FD A0 A4 13 00 00,160.0,7000.0,99.5,124.93,7.47
20.6,0x0CFF0500,6D 60 FF A0 A5 08 00 00,160.0,7000.0,100.0,125.0,3.23
20.7,0x0CFF0500,6D 60 FF A0 A5 20 00 00,160.0,7000.0,100.0,125.0,12.71
20.8,0x0CFF0500,6D 60 FF A0 A5 07 00 00,160.0,7000.0,100.0,125.0,2.92
20.9,0x0CFF0500,6D 60 FF A0 A5 04 00 00,160.0,7000.0,100.0,125.0,1.78
21.0,0x0CFF0500,6D 60 F9 A0 A5 13 00 00,160.0,7000.0,97.79,125.0,7.64
21.1,0x0CFF0500,6D 60 FD A0 A5 13 00 00,160.0,7000.0,99.25,125.0,7.73
21.2,0x0CFF0500,6D 60 FA A0 A5 1F 00 00,160.0,7000.0,98.28,125.0,12.42
21.3,0x0CFF0500,6D 60 FF A0 A4 16 00 00,160.0,7000.0,100.0,124.93,8.76
21.4,0x0CFF0500,6D 60 FF A0 A4 1D 00 00,160.0,7000.0,100.0,124.91,11.64
21.5,0x0CFF0500,6D 60 FF A0 A4 05 00 00,160.0,7000.0,100.0,124.87,2.22
21.6,0x0CFF0500,6D 60 FF A0 A5 0F 00 00,160.0,7000.0,100.0,125.0,6.16
21.7,0x0CFF0500,6D 60 F9 A0 A4 0C 00 00,160.0,7000.0,97.87,124.99,4.88
21.8,0x0CFF0500,6D 60 F7 A0 A5 1D 00 00,160.0,7000.0,97.05,125.0,11.58
21.9,0x0CFF0500,6D 60 FA A0 A4 08 00 00,160.0,7000.0,98.08,125.0,3.37
22.0,0x0CFF0500,6D 60 F7 A0 A5 23 00 00,160.0,7000.0,97.22,125.0,14.01
22.1,0x0CFF0500,6D 60 FF A0 A5 24 00 00,160.0,7000.0,100.0,125.0,14.32
22.2,0x0CFF0500,6D 60 FA A0 A5 12 00 00,160.0,7000.0,98.31,125.0,7.19
22.3,0x0CFF0500,6D 60 FD A0 A4 09 00 00,160.0,7000.0,99.59,124.94,3.64
22.4,0x0CFF0500,6D 60 F6 9A A5 DC 00 00,154.64,7000.0,96.49,125.0,86.51
22.5,0x0CFF0500,6D 60 F0 9F A4 24 00 00,159.36,7000.0,94.29,124.95,14.46
22.6,0x0CFF0500,6D 60 F6 A0 A4 23 00 00,160.0,7000.0,96.8,124.94,14.05
22.7,0x0CFF0500,6D 60 F5 A0 A5 12 00 00,160.0,7000.0,96.37,125.0,7.43
22.8,0x0CFF0500,6D 60 FF A0 A5 0A 00 00,160.0,7000.0,100.0,125.0,4.27
22.9,0x0CFF0500,6D 60 F9 A0 A4 04 00 00,160.0,7000.0,97.74,124.99,1.69
23.0,0x0CFF0500,6D 60 FC A0 A5 1C 00 00,160.0,7000.0,98.85,125.0,11.36
23.1,0x0CFF0500,6D 60 FF A0 A5 07 00 00,160.0,7000.0,100.0,125.0,2.77
23.2,0x0CFF0500,6D 60 FF A0 A5 0B 00 00,160.0,7000.0,100.0,125.0,4.53
23.3,0x0CFF0500,6D 60 FB A0 A5 0F 00 00,160.0,7000.0,98.76,125.0,6.08
23.4,0x0CFF0500,6D 60 F8 A0 A5 17 00 00,160.0,7000.0,97.42,125.0,9.22
23.5,0x0CFF0500,6D 60 FA A0 A5 12 00 00,160.0,7000.0,98.36,125.0,7.06
23.6,0x0CFF0500,6D 60 F2 A0 A4 11 00 00,160.0,7000.0,95.1,124.94,6.7
23.7,0x0CFF0500,6D 60 F5 A0 A4 05 00 00,160.0,7000.0,96.25,124.94,2.25
23.8,0x0CFF0500,6D 60 F6 A0 A4 1E 00 00,160.0,7000.0,96.84,124.88,12.13
23.9,0x0CFF0500,6D 60 FD A0 A4 0F 00 00,160.0,7000.0,99.35,124.81,5.94
24.0,0x0CFF0500,6D 60 FF A0 A4 23 00 00,160.0,7000.0,100.0,124.89,14.02
24.1,0x0CFF0500,6D 60 FF A0 A5 18 00 00,160.0,7000.0,100.0,125.0,9.69
24.2,0x0CFF0500,6D 60 FF A0 A4 19 00 00,160.0,7000.0,100.0,124.99,9.93
24.3,0x0CFF0500,6D 60 FF 9B A5 B4 00 00,155.99,7000.0,100.0,125.0,70.68
24.4,0x0CFF0500,6D 60 FA A0 A4 0D 00 00,160.0,7000.0,98.23,124.96,5.19
24.5,0x0CFF0500,6D 60 FF 9A A5 C2 00 00,154.77,7000.0,100.0,125.0,76.18
24.6,0x0CFF0500,6D 60 FF A0 A4 0F 00 00,160.0,7000.0,100.0,124.94,6.03
24.7,0x0CFF0500,6D 60 FF A0 A4 1B 00 00,160.0,7000.0,100.0,124.98,10.97
24.8,0x0CFF0500,6D 60 FF A0 A5 08 00 00,160.0,7000.0,100.0,125.0,3.32
24.9,0x0CFF0500,6D 60 FE A0 A5 12 00 00,160.0,7000.0,99.84,125.0,7.43
25.0,0x0CFF0500,6D 60 F7 A0 A5 0E 00 00,160.0,7000.0,97.19,125.0,5.65
25.1,0x0CFF0500,6D 60 FF A0 A5 15 00 00,160.0,7000.0,100.0,125.0,8.44
25.2,0x0CFF0500,6D 60 FF A0 A5 20 00 00,160.0,7000.0,100.0,125.0,12.71
25.3,0x0CFF0500,6D 60 FF A0 A5 07 00 00,160.0,7000.0,100.0,125.0,2.82
25.4,0x0CFF0500,6D 60 FF A0 A5 00 00 00,160.0,7000.0,100.0,125.0,0.23
25.5,0x0CFF0500,6D 60 FF A0 A5 07 00 00,160.0,7000.0,100.0,125.0,3.07
25.6,0x0CFF0500,6D 60 FA A0 A5 13 00 00,160.0,7000.0,98.35,125.0,7.69
25.7,0x0CFF0500,6D 60 F9 A0 A5 0F 00 00,160.0,7000.0,97.69,125.0,6.21
25.8,0x0CFF0500,6D 60 F8 A0 A5 05 00 00,160.0,7000.0,97.45,125.0,2.29
25.9,0x0CFF0500,6D 60 F4 A0 A4 1F 00 00,160.0,7000.0,95.76,124.98,12.32
26.0,0x0CFF0500,6D 60 FA A0 A4 12 00 00,160.0,7000.0,98.25,124.92,7.32
26.1,0x0CFF0500,6D 60 FF A0 A5 19 00 00,160.0,7000.0,100.0,125.0,10.02
26.2,0x0CFF0500,6D 60 FD A0 A5 17 00 00,160.0,7000.0,99.36,125.0,9.27
26.3,0x0CFF0500,6D 60 F9 99 A5 F0 00 00,153.04,7000.0,97.83,125.0,94.39
26.4,0x0CFF0500,6D 60 F2 9F A5 07 00 00,159.9,7000.0,95.17,125.0,2.88
26.5,0x0CFF0500,6D 60 F5 A0 A5 25 00 00,160.0,7000.0,96.26,125.0,14.85
26.6,0x0CFF0500,6D 60 ED A0 A4 0E 00 00,160.0,7000.0,93.1,124.98,5.69
26.7,0x0CFF0500,6D 60 F5 A0 A4 15 00 00,160.0,7000.0,96.16,124.92,8.49
26.8,0x0CFF0500,6D 60 FF A0 A5 12 00 00,160.0,7000.0,100.0,125.0,7.13
26.9,0x0CFF0500,6D 60 FF A0 A5 0C 00 00,160.0,7000.0,100.0,125.0,4.72
27.0,0x0CFF0500,6D 60 F8 A0 A5 09 00 00,160.0,7000.0,97.46,125.0,3.61
27.1,0x0CFF0500,6D 60 FF A0 A5 1B 00 00,160.0,7000.0,100.0,125.0,10.86
27.2,0x0CFF0500,6D 60 FF A0 A5 24 00 00,160.0,7000.0,100.0,125.0,14.32
27.3,0x0CFF0500,6D 60 FC A0 A4 23 00 00,160.0,7000.0,99.2,124.95,14.12
27.4,0x0CFF0500,6D 60 FF A0 A5 03 00 00,160.0,7000.0,100.0,125.0,1.23
27.5,0x0CFF0500,6D 60 F4 A0 A4 0B 00 00,160.0,7000.0,96.05,124.99,4.62
27.6,0x0CFF0500,6D 60 F4 A0 A5 01 00 00,160.0,7000.0,95.72,125.0,0.39
27.7,0x0CFF0500,6D 60 F2 A0 A5 03 00 00,160.0,7000.0,95.21,125.0,1.27
27.8,0x0CFF0500,6D 60 EB A0 A5 0B 00 00,160.0,7000.0,92.46,125.0,4.52
27.9,0x0CFF0500,6D 60 E7 A0 A4 09 00 00,160.0,7000.0,90.72,124.96,3.7
28.0,0x0CFF0500,6D 60 E4 A0 A5 17 00 00,160.0,7000.0,89.71,125.0,9.3
28.1,0x0CFF0500,6D 60 DD A0 A5 0C 00 00,160.0,7000.0,86.94,125.0,4.81
28.2,0x0CFF0500,6D 60 E3 A0 A5 12 00 00,160.0,7000.0,89.19,125.0,7.37
28.3,0x0CFF0500,6D 60 E6 A0 A5 16 00 00,160.0,7000.0,90.27,125.0,8.88
28.4,0x0CFF0500,6D 60 E6 A0 A5 0B 00 00,160.0,7000.0,90.21,125.0,4.37
28.5,0x0CFF0500,6D 60 E1 A0 A5 19 00 00,160.0,7000.0,88.39,125.0,9.88
28.6,0x0CFF0500,6D 60 E2 A0 A5 23 00 00,160.0,7000.0,88.95,125.0,13.81
28.7,0x0CFF0500,6D 60 E7 A0 A5 03 00 00,160.0,7000.0,90.7,125.0,1.27
28.8,0x0CFF0500,6D 60 EC A0 A4 0F 00 00,160.0,7000.0,92.79,124.92,5.99
28.9,0x0CFF0500,6D 60 EE A0 A5 16 00 00,160.0,7000.0,93.46,125.0,8.71
29.0,0x0CFF0500,6D 60 EC A0 A4 00 00 00,160.0,7000.0,92.57,124.96,0.37
29.1,0x0CFF0500,6D 60 E9 A0 A5 11 00 00,160.0,7000.0,91.37,125.0,6.83
29.2,0x0CFF0500,6D 60 E5 A0 A5 1E 00 00,160.0,7000.0,90.08,125.0,12.15
29.3,0x0CFF0500,6D 60 E1 A0 A5 06 00 00,160.0,7000.0,88.27,125.0,2.62
29.4,0x0CFF0500,6D 60 E5 98 A5 E1 00 00,152.43,7000.0,90.04,125.0,88.42
29.5,0x0CFF0500,6D 60 EC 9C A4 1E 00 00,156.31,7000.0,92.81,124.99,12.13
29.6,0x0CFF0500,6D 60 E8 A0 A5 20 00 00,160.0,7000.0,91.17,125.0,12.94
29.7,0x0CFF0500,6D 60 F1 A0 A5 17 00 00,160.0,7000.0,94.78,125.0,9.26
29.8,0x0CFF0500,6D 60 EA A0 A5 0B 00 00,160.0,7000.0,91.84,125.0,4.58
29.9,0x0CFF0500,6D 60 E4 A0 A5 18 00 00,160.0,7000.0,89.51,125.0,9.53
30.0,0x0CFF0500,6D 60 E1 A0 A4 11 00 00,160.0,7000.0,88.34,124.97,6.77
30.1,0x0CFF0500,6D 60 E2 A0 A5 12 00 00,160.0,7000.0,88.89,125.0,7.42
30.2,0x0CFF0500,6D 60 E9 A0 A5 0B 00 00,160.0,7000.0,91.74,125.0,4.38
30.3,0x0CFF0500,6D 60 EC A0 A5 04 00 00,160.0,7000.0,92.69,125.0,1.7
30.4,0x0CFF0500,6D 60 F2 A0 A5 14 00 00,160.0,7000.0,95.16,125.0,8.2
30.5,0x0CFF0500,6D 60 F2 A0 A5 0D 00 00,160.0,7000.0,95.21,125.0,5.23
30.6,0x0CFF0500,6D 60 F6 A0 A4 0D 00 00,160.0,7000.0,96.5,124.97,5.26
30.7,0x0CFF0500,6D 60 ED A0 A5 0D 00 00,160.0,7000.0,93.03,125.0,5.26
30.8,0x0CFF0500,6D 60 F6 A0 A5 25 00 00,160.0,7000.0,96.75,125.0,14.78
30.9,0x0CFF0500,6D 60 FF A0 A5 04 00 00,160.0,7000.0,100.0,125.0,1.9
31.0,0x0CFF0500,6D 60 FF A0 A5 16 00 00,160.0,7000.0,100.0,125.0,8.66
31.1,0x0CFF0500,6D 60 FF A0 A5 0A 00 00,160.0,7000.0,100.0,125.0,4.17
31.2,0x0CFF0500,6D 60 FF A0 A5 11 00 00,160.0,7000.0,100.0,125.0,6.88
31.3,0x0CFF0500,6D 60 F9 A0 A5 0A 00 00,160.0,7000.0,97.91,125.0,4.03
31.4,0x0CFF0500,6D 60 FF A0 A4 01 00 00,160.0,7000.0,100.0,124.97,0.73
31.5,0x0CFF0500,6D 60 F4 A0 A5 24 00 00,160.0,7000.0,96.01,125.0,14.37
31.6,0x0CFF0500,6D 60 F0 A0 A4 19 00 00,160.0,7000.0,94.47,124.98,9.82
31.7,0x0CFF0500,6D 60 F6 A0 A5 08 00 00,160.0,7000.0,96.77,125.0,3.51
31.8,0x0CFF0500,6D 60 FC A0 A5 00 00 00,160.0,7000.0,98.89,125.0,0.14
31.9,0x0CFF0500,6D 60 FA A0 A4 1B 00 00,160.0,7000.0,98.33,124.97,10.96
32.0,0x0CFF0500,6D 60 F3 A0 A5 25 00 00,160.0,7000.0,95.53,125.0,14.89
32.1,0x0CFF0500,6D 60 F7 A0 A4 05 00 00,160.0,7000.0,97.19,124.95,2.27
32.2,0x0CFF0500,6D 60 FB A0 A4 0E 00 00,160.0,7000.0,98.49,124.98,5.76
32.3,0x0CFF0500,6D 60 FE A0 A5 17 00 00,160.0,7000.0,99.89,125.0,9.11
32.4,0x0CFF0500,6D 60 FF A0 A5 1C 00 00,160.0,7000.0,100.0,125.0,11.22
32.5,0x0CFF0500,6D 60 FF A0 A5 16 00 00,160.0,7000.0,100.0,125.0,8.91
32.6,0x0CFF0500,6D 60 FF A0 A5 0D 00 00,160.0,7000.0,100.0,125.0,5.48
32.7,0x0CFF0500,6D 60 F5 A0 A5 02 00 00,160.0,7000.0,96.36,125.0,0.91
32.8,0x0CFF0500,6D 60 ED A0 A5 14 00 00,160.0,7000.0,93.1,125.0,8.05
32.9,0x0CFF0500,6D 60 EF A0 A4 0E 00 00,160.0,7000.0,93.93,124.94,5.86
33.0,0x0CFF0500,6D 60 F8 A0 A5 02 00 00,160.0,7000.0,97.55,125.0,0.87
33.1,0x0CFF0500,6D 60 FF A0 A5 04 00 00,160.0,7000.0,100.0,125.0,1.79
33.2,0x0CFF0500,6D 60 FF A0 A5 06 00 00,160.0,7000.0,100.0,125.0,2.5
33.3,0x0CFF0500,6D 60 FF A0 A4 0A 00 00,160.0,7000.0,100.0,124.95,4.08
33.4,0x0CFF0500,6D 60 FF A0 A5 15 00 00,160.0,7000.0,100.0,125.0,8.5
33.5,0x0CFF0500,6D 60 FF A0 A5 01 00 00,160.0,7000.0,100.0,125.0,0.66
33.6,0x0CFF0500,6D 60 FF A0 A5 15 00 00,160.0,7000.0,100.0,125.0,8.29
33.7,0x0CFF0500,6D 60 FB A0 A4 02 00 00,160.0,7000.0,98.44,124.99,1.17
33.8,0x0CFF0500,6D 60 FF A0 A5 02 00 00,160.0,7000.0,100.0,125.0,1.03
33.9,0x0CFF0500,6D 60 FF A0 A5 0B 00 00,160.0,7000.0,100.0,125.0,4.56
34.0,0x0CFF0500,6D 60 FF A0 A5 1D 00 00,160.0,7000.0,100.0,125.0,11.41
34.1,0x0CFF0500,6D 60 FF 9A A4 E4 00 00,154.24,7000.0,100.0,124.96,89.72
34.2,0x0CFF0500,6D 60 FF A0 A5 02 00 00,160.0,7000.0,100.0,125.0,0.9
34.3,0x0CFF0500,6D 60 FF A0 A4 0E 00 00,160.0,7000.0,100.0,124.97,5.59
34.4,0x0CFF0500,6D 60 FF A0 A5 10 00 00,160.0,7000.0,100.0,125.0,6.52
34.5,0x0CFF0500,6D 60 FF A0 A5 0C 00 00,160.0,7000.0,100.0,125.0,4.77
34.6,0x0CFF0500,6D 60 F8 A0 A4 11 00 00,160.0,7000.0,97.48,125.0,6.99
34.7,0x0CFF0500,6D 60 F1 A0 A4 06 00 00,160.0,7000.0,94.56,124.93,2.36
34.8,0x0CFF0500,6D 60 E9 A0 A4 09 00 00,160.0,7000.0,91.38,124.95,3.72
34.9,0x0CFF0500,6D 60 E8 A0 A5 11 00 00,160.0,7000.0,91.02,125.0,6.78
35.0,0x0CFF0500,6D 60 F4 A0 A5 04 00 00,160.0,7000.0,95.86,125.0,1.96
35.1,0x0CFF0500,6D 60 FC A0 A4 00 00 00,160.0,7000.0,99.18,124.97,0.33
35.2,0x0CFF0500,6D 60 FA A0 A5 01 00 00,160.0,7000.0,98.16,125.0,0.64
35.3,0x0CFF0500,6D 60 FF A0 A5 06 00 00,160.0,7000.0,100.0,125.0,2.59
35.4,0x0CFF0500,6D 60 FA A0 A5 0B 00 00,160.0,7000.0,98.21,125.0,4.43
35.5,0x0CFF0500,6D 60 FF A0 A5 14 00 00,160.0,7000.0,100.0,125.0,7.89
35.6,0x0CFF0500,6D 60 FF A0 A4 12 00 00,160.0,7000.0,100.0,124.99,7.27
35.7,0x0CFF0500,6D 60 FF A0 A5 1D 00 00,160.0,7000.0,100.0,125.0,11.68
35.8,0x0CFF0500,6D 60 F7 A0 A4 19 00 00,160.0,7000.0,96.9,124.94,9.85
35.9,0x0CFF0500,6D 60 FF A0 A4 1E 00 00,160.0,7000.0,100.0,124.92,11.96
36.0,0x0CFF0500,6D 60 FF 9A A5 E8 00 00,154.24,7000.0,100.0,125.0,91.02
36.1,0x0CFF0500,6D 60 FF A0 A5 12 00 00,160.0,7000.0,100.0,125.0,7.38
36.2,0x0CFF0500,6D 60 F4 A0 A5 23 00 00,160.0,7000.0,96.01,125.0,13.77
36.3,0x0CFF0500,6D 60 EB A0 A5 16 00 00,160.0,7000.0,92.2,125.0,8.8
36.4,0x0CFF0500,6D 60 F6 A0 A4 0F 00 00,160.0,7000.0,96.68,124.98,5.93
36.5,0x0CFF0500,6D 60 FF A0 A5 18 00 00,160.0,7000.0,100.0,125.0,9.74
36.6,0x0CFF0500,6D 60 FF A0 A5 06 00 00,160.0,7000.0,100.0,125.0,2.63
36.7,0x0CFF0500,6D 60 FD A0 A5 26 00 00,160.0,7000.0,99.52,125.0,14.91
36.8,0x0CFF0500,6D 60 FF A0 A5 23 00 00,160.0,7000.0,100.0,125.0,14.05
36.9,0x0CFF0500,6D 60 F6 A0 A5 1B 00 00,160.0,7000.0,96.8,125.0,10.63
37.0,0x0CFF0500,6D 60 F2 9A A5 D0 00 00,154.89,7000.0,95.11,125.0,81.58
37.1,0x0CFF0500,6D 60 F4 A0 A5 03 00 00,160.0,7000.0,96.02,125.0,1.52
37.2,0x0CFF0500,6D 60 FE A0 A4 0B 00 00,160.0,7000.0,99.63,124.98,4.42
37.3,0x0CFF0500,6D 60 FF A0 A5 22 00 00,160.0,7000.0,100.0,125.0,13.47
37.4,0x0CFF0500,6D 60 F8 A0 A4 22 00 00,160.0,7000.0,97.48,124.99,13.35
37.5,0x0CFF0500,6D 60 FF A0 A5 0A 00 00,160.0,7000.0,100.0,125.0,3.98
37.6,0x0CFF0500,6D 60 FD A0 A4 10 00 00,160.0,7000.0,99.25,125.0,6.41
37.7,0x0CFF0500,6D 60 F9 A0 A5 03 00 00,160.0,7000.0,97.87,125.0,1.23
37.8,0x0CFF0500,6D 60 FB A0 A5 07 00 00,160.0,7000.0,98.77,125.0,2.77
37.9,0x0CFF0500,6D 60 F7 A0 A5 02 00 00,160.0,7000.0,97.19,125.0,0.92
38.0,0x0CFF0500,6D 60 FB A0 A5 15 00 00,160.0,7000.0,98.5,125.0,8.3
38.1,0x0CFF0500,6D 60 FF A0 A5 12 00 00,160.0,7000.0,100.0,125.0,7.14
38.2,0x0CFF0500,6D 60 FF A0 A5 17 00 00,160.0,7000.0,100.0,125.0,9.3
38.3,0x0CFF0500,6D 60 F7 A0 A5 10 00 00,160.0,7000.0,97.14,125.0,6.35
38.4,0x0CFF0500,6D 60 FF A0 A5 22 00 00,160.0,7000.0,100.0,125.0,13.71
38.5,0x0CFF0500,6D 60 FF A0 A5 1E 00 00,160.0,7000.0,100.0,125.0,11.8
38.6,0x0CFF0500,6D 60 FF A0 A5 23 00 00,160.0,7000.0,100.0,125.0,14.09
38.7,0x0CFF0500,6D 60 FE A0 A5 0E 00 00,160.0,7000.0,99.7,125.0,5.75
38.8,0x0CFF0500,6D 60 FF A0 A5 01 00 00,160.0,7000.0,100.0,125.0,0.58
38.9,0x0CFF0500,6D 60 F5 A0 A5 1F 00 00,160.0,7000.0,96.18,125.0,12.26
39.0,0x0CFF0500,6D 60 EE A0 A5 25 00 00,160.0,7000.0,93.39,125.0,14.61
39.1,0x0CFF0500,6D 60 E8 A0 A5 1F 00 00,160.0,7000.0,91.29,125.0,12.36
39.2,0x0CFF0500,6D 60 E5 A0 A4 13 00 00,160.0,7000.0,90.09,124.93,7.6
39.3,0x0CFF0500,6D 60 EE A0 A4 09 00 00,160.0,7000.0,93.63,124.95,3.74
39.4,0x0CFF0500,6D 60 F3 9A A5 CE 00 00,154.69,7000.0,95.35,125.0,81.17
39.5,0x0CFF0500,6D 60 EC 9F A5 22 00 00,159.55,7000.0,92.82,125.0,13.42
39.6,0x0CFF0500,6D 60 F8 A0 A5 20 00 00,160.0,7000.0,97.5,125.0,12.86
39.7,0x0CFF0500,6D 60 FF A0 A4 00 00 00,160.0,7000.0,100.0,124.92,0.13
39.8,0x0CFF0500,6D 60 FB A0 A4 24 00 00,160.0,7000.0,98.75,124.97,14.51
39.9,0x0CFF0500,6D 60 FF A0 A5 1F 00 00,160.0,7000.0,100.0,125.0,12.36
40.0,0x0CFF0500,6D 60 FF A0 A5 17 00 00,160.0,7000.0,100.0,125.0,9.14
40.1,0x0CFF0500,6D 60 FA A0 A5 1B 00 00,160.0,7000.0,98.35,125.0,10.67
40.2,0x0CFF0500,6D 60 FF A0 A5 16 00 00,160.0,7000.0,100.0,125.0,9.0
40.3,0x0CFF0500,6D 60 FE 99 A5 E8 00 00,153.44,7000.0,99.77,125.0,91.24
40.4,0x0CFF0500,6D 60 FF 9E A5 22 00 00,158.42,7000.0,100.0,125.0,13.6
40.5,0x0CFF0500,6D 60 F7 A0 A4 04 00 00,160.0,7000.0,96.88,124.99,1.92
40.6,0x0CFF0500,6D 60 EE A0 A5 0D 00 00,160.0,7000.0,93.68,125.0,5.33
40.7,0x0CFF0500,6D 60 F8 A0 A4 11 00 00,160.0,7000.0,97.34,124.94,7.06
40.8,0x0CFF0500,6D 60 FF A0 A4 0E 00 00,160.0,7000.0,100.0,124.92,5.73
40.9,0x0CFF0500,6D 60 FF A0 A5 22 00 00,160.0,7000.0,100.0,125.0,13.6
41.0,0x0CFF0500,6D 60 F8 9B A5 C7 00 00,155.62,7000.0,97.59,125.0,78.21
41.1,0x0CFF0500,6D 60 F0 A0 A5 17 00 00,160.0,7000.0,94.38,125.0,9.22
41.2,0x0CFF0500,6D 60 EF A0 A5 00 00 00,160.0,7000.0,93.74,125.0,0.21
41.3,0x0CFF0500,6D 60 F4 A0 A4 0D 00 00,160.0,7000.0,95.98,124.98,5.17
41.4,0x0CFF0500,6D 60 F1 A0 A5 1B 00 00,160.0,7000.0,94.6,125.0,10.92
41.5,0x0CFF0500,6D 60 EF A0 A5 07 00 00,160.0,7000.0,93.83,125.0,2.83
41.6,0x0CFF0500,6D 60 F5 A0 A4 16 00 00,160.0,7000.0,96.44,124.93,8.85
41.7,0x0CFF0500,6D 60 F7 A0 A4 01 00 00,160.0,7000.0,97.25,124.85,0.73
41.8,0x0CFF0500,6D 60 F6 A0 A5 14 00 00,160.0,7000.0,96.68,125.0,8.21
41.9,0x0CFF0500,6D 60 FB A0 A4 0A 00 00,160.0,7000.0,98.64,124.96,4.05
42.0,0x0CFF0500,6D 60 F3 A0 A5 04 00 00,160.0,7000.0,95.66,125.0,1.59
42.1,0x0CFF0500,6D 60 F0 A0 A5 01 00 00,160.0,7000.0,94.32,125.0,0.59
42.2,0x0CFF0500,6D 60 F9 A0 A5 19 00 00,160.0,7000.0,97.84,125.0,10.04
42.3,0x0CFF0500,6D 60 F4 A0 A4 25 00 00,160.0,7000.0,95.92,124.99,14.83
42.4,0x0CFF0500,6D 60 FC A0 A4 0B 00 00,160.0,7000.0,99.13,124.92,4.69
42.5,0x0CFF0500,6D 60 F6 A0 A4 0D 00 00,160.0,7000.0,96.67,124.87,5.36
42.6,0x0CFF0500,6D 60 F5 A0 A5 24 00 00,160.0,7000.0,96.28,125.0,14.43
42.7,0x0CFF0500,6D 60 ED A0 A5 1A 00 00,160.0,7000.0,93.29,125.0,10.44
42.8,0x0CFF0500,6D 60 F3 A0 A5 06 00 00,160.0,7000.0,95.4,125.0,2.72
42.9,0x0CFF0500,6D 60 EC A0 A5 23 00 00,160.0,7000.0,92.57,125.0,13.81
43.0,0x0CFF0500,6D 60 F1 A0 A5 1D 00 00,160.0,7000.0,94.68,125.0,11.51
43.1,0x0CFF0500,6D 60 F7 A0 A5 03 00 00,160.0,7000.0,96.98,125.0,1.43
43.2,0x0CFF0500,6D 60 F9 A0 A5 25 00 00,160.0,7000.0,98.01,125.0,14.82
43.3,0x0CFF0500,6D 60 F1 A0 A5 12 00 00,160.0,7000.0,94.68,125.0,7.37
43.4,0x0CFF0500,6D 60 EC A0 A5 11 00 00,160.0,7000.0,92.8,125.0,6.89
43.5,0x0CFF0500,6D 60 F1 A0 A4 03 00 00,160.0,7000.0,94.68,124.95,1.54
43.6,0x0CFF0500,6D 60 EE A0 A5 13 00 00,160.0,7000.0,93.42,125.0,7.63
43.7,0x0CFF0500,6D 60 EE A0 A5 15 00 00,160.0,7000.0,93.51,125.0,8.4
43.8,0x0CFF0500,6D 60 E9 A0 A5 0D 00 00,160.0,7000.0,91.5,125.0,5.12
43.9,0x0CFF0500,6D 60 E2 A0 A5 05 00 00,160.0,7000.0,88.98,125.0,2.11
44.0,0x0CFF0500,6D 60 E1 A0 A5 11 00 00,160.0,7000.0,88.52,125.0,6.86
44.1,0x0CFF0500,6D 60 E5 A0 A4 1D 00 00,160.0,7000.0,89.82,124.97,11.58
44.2,0x0CFF0500,6D 60 DB A0 A5 23 00 00,160.0,7000.0,86.25,125.0,14.03
44.3,0x0CFF0500,6D 60 E2 A0 A5 04 00 00,160.0,7000.0,88.83,125.0,1.93
44.4,0x0CFF0500,6D 60 ED A0 A5 1D 00 00,160.0,7000.0,93.07,125.0,11.44
44.5,0x0CFF0500,6D 60 F3 A0 A5 1C 00 00,160.0,7000.0,95.37,125.0,11.23
44.6,0x0CFF0500,6D 60 ED A0 A5 17 00 00,160.0,7000.0,93.18,125.0,9.36
44.7,0x0CFF0500,6D 60 EE A0 A5 1A 00 00,160.0,7000.0,93.71,125.0,10.41
44.8,0x0CFF0500,6D 60 EE A0 A5 1C 00 00,160.0,7000.0,93.47,125.0,11.22
44.9,0x0CFF0500,6D 60 E7 A0 A5 19 00 00,160.0,7000.0,90.78,125.0,10.05
45.0,0x0CFF0500,6D 60 ED A0 A4 0B 00 00,160.0,7000.0,92.99,124.96,4.43
45.1,0x0CFF0500,6D 60 F6 A0 A5 1C 00 00,160.0,7000.0,96.78,125.0,11.14
45.2,0x0CFF0500,6D 60 FF A0 A5 0E 00 00,160.0,7000.0,100.0,125.0,5.81
45.3,0x0CFF0500,6D 60 FF A0 A5 21 00 00,160.0,7000.0,100.0,125.0,13.05
45.4,0x0CFF0500,6D 60 FF A0 A5 1D 00 00,160.0,7000.0,100.0,125.0,11.64
45.5,0x0CFF0500,6D 60 FF A0 A5 0E 00 00,160.0,7000.0,100.0,125.0,5.66
45.6,0x0CFF0500,6D 60 FF A0 A5 05 00 00,160.0,7000.0,100.0,125.0,2.32
45.7,0x0CFF0500,6D 60 FF A0 A5 15 00 00,160.0,7000.0,100.0,125.0,8.59
45.8,0x0CFF0500,6D 60 FF A0 A5 0F 00 00,160.0,7000.0,100.0,125.0,6.24
45.9,0x0CFF0500,6D 60 F9 A0 A5 1C 00 00,160.0,7000.0,97.97,125.0,11.29
46.0,0x0CFF0500,6D 60 FF A0 A5 17 00 00,160.0,7000.0,100.0,125.0,9.21
46.1,0x0CFF0500,6D 60 FD A0 A5 14 00 00,160.0,7000.0,99.47,125.0,8.1
46.2,0x0CFF0500,6D 60 F4 A0 A4 22 00 00,160.0,7000.0,95.87,124.98,13.47
46.3,0x0CFF0500,6D 60 EA A0 A5 02 00 00,160.0,7000.0,91.93,125.0,0.98
46.4,0x0CFF0500,6D 60 F0 A0 A5 25 00 00,160.0,7000.0,94.26,125.0,14.64
46.5,0x0CFF0500,6D 60 ED A0 A5 03 00 00,160.0,7000.0,93.24,125.0,1.31
46.6,0x0CFF0500,6D 60 EC A0 A5 18 00 00,160.0,7000.0,92.74,125.0,9.45
46.7,0x0CFF0500,6D 60 F3 A0 A4 16 00 00,160.0,7000.0,95.54,124.96,8.78
46.8,0x0CFF0500,6D 60 EB A0 A5 1D 00 00,160.0,7000.0,92.32,125.0,11.48
46.9,0x0CFF0500,6D 60 EA A0 A5 1E 00 00,160.0,7000.0,91.84,125.0,11.96
47.0,0x0CFF0500,6D 60 F0 A0 A4 0E 00 00,160.0,7000.0,94.4,124.97,5.6
47.1,0x0CFF0500,6D 60 FC A0 A5 0B 00 00,160.0,7000.0,98.92,125.0,4.57
47.2,0x0CFF0500,6D 60 F5 A0 A5 08 00 00,160.0,7000.0,96.37,125.0,3.31
47.3,0x0CFF0500,6D 60 FF A0 A4 26 00 00,160.0,7000.0,100.0,124.94,14.91
47.4,0x0CFF0500,6D 60 FF A0 A5 0C 00 00,160.0,7000.0,100.0,125.0,4.96
47.5,0x0CFF0500,6D 60 FF A0 A5 17 00 00,160.0,7000.0,100.0,125.0,9.25
47.6,0x0CFF0500,6D 60 F4 A0 A5 09 00 00,160.0,7000.0,96.04,125.0,3.69
47.7,0x0CFF0500,6D 60 FE A0 A4 11 00 00,160.0,7000.0,99.94,124.99,6.94
47.8,0x0CFF0500,6D 60 FF A0 A4 05 00 00,160.0,7000.0,100.0,124.93,2.1
47.9,0x0CFF0500,6D 60 FF A0 A5 01 00 00,160.0,7000.0,100.0,125.0,0.47
48.0,0x0CFF0500,6D 60 FF A0 A5 12 00 00,160.0,7000.0,100.0,125.0,7.08
48.1,0x0CFF0500,6D 60 FF A0 A5 13 00 00,160.0,7000.0,100.0,125.0,7.66
48.2,0x0CFF0500,6D 60 F8 A0 A5 13 00 00,160.0,7000.0,97.49,125.0,7.71
48.3,0x0CFF0500,6D 60 F9 A0 A5 0D 00 00,160.0,7000.0,97.84,125.0,5.38
48.4,0x0CFF0500,6D 60 FF A0 A5 0D 00 00,160.0,7000.0,100.0,125.0,5.42
48.5,0x0CFF0500,6D 60 FF A0 A4 1F 00 00,160.0,7000.0,100.0,124.99,12.44
48.6,0x0CFF0500,6D 60 FF A0 A5 1F 00 00,160.0,7000.0,100.0,125.0,12.53
48.7,0x0CFF0500,6D 60 FF A0 A4 12 00 00,160.0,7000.0,100.0,124.98,7.23
48.8,0x0CFF0500,6D 60 F9 A0 A4 07 00 00,160.0,7000.0,97.9,124.99,2.8
48.9,0x0CFF0500,6D 60 FA A0 A4 12 00 00,160.0,7000.0,98.24,124.92,7.18
49.0,0x0CFF0500,6D 60 F4 98 A4 DE 00 00,152.73,7000.0,95.69,124.9,87.17
49.1,0x0CFF0500,6D 60 F6 9F A4 00 00 00,159.79,7000.0,96.76,124.85,0.28
49.2,0x0CFF0500,6D 60 FF A0 A5 06 00 00,160.0,7000.0,100.0,125.0,2.56
49.3,0x0CFF0500,6D 60 FA A0 A5 1B 00 00,160.0,7000.0,98.38,125.0,10.86
49.4,0x0CFF0500,6D 60 F5 A0 A4 20 00 00,160.0,7000.0,96.2,124.95,12.89
49.5,0x0CFF0500,6D 60 EC A0 A4 1D 00 00,160.0,7000.0,92.55,124.92,11.76
49.6,0x0CFF0500,6D 60 F6 A0 A4 1D 00 00,160.0,7000.0,96.63,124.86,11.62
49.7,0x0CFF0500,6D 60 FE A0 A5 1E 00 00,160.0,7000.0,99.85,125.0,11.84
49.8,0x0CFF0500,6D 60 F7 A0 A5 12 00 00,160.0,7000.0,97.05,125.0,7.16
49.9,0x0CFF0500,6D 60 FD A0 A5 1E 00 00,160.0,7000.0,99.43,125.0,11.84
50.0,0x0CFF0500,6D 60 FB A0 A5 05 00 00,160.0,7000.0,98.69,125.0,2.32
50.1,0x0CFF0500,6D 60 FF A0 A5 1C 00 00,160.0,7000.0,100.0,125.0,11.32
50.2,0x0CFF0500,6D 60 FB A0 A5 0D 00 00,160.0,7000.0,98.76,125.0,5.17
50.3,0x0CFF0500,6D 60 FF A0 A5 06 00 00,160.0,7000.0,100.0,125.0,2.43
50.4,0x0CFF0500,6D 60 F8 9B A5 B9 00 00,155.2,7000.0,97.45,125.0,72.73
50.5,0x0CFF0500,6D 60 F0 A0 A5 01 00 00,160.0,7000.0,94.17,125.0,0.57
50.6,0x0CFF0500,6D 60 FB A0 A5 1F 00 00,160.0,7000.0,98.68,125.0,12.3
50.7,0x0CFF0500,6D 60 F2 A0 A5 16 00 00,160.0,7000.0,94.98,125.0,8.99
50.8,0x0CFF0500,6D 60 FE A0 A5 1D 00 00,160.0,7000.0,99.95,125.0,11.7
50.9,0x0CFF0500,6D 60 F6 A0 A5 0A 00 00,160.0,7000.0,96.76,125.0,4.27
51.0,0x0CFF0500,6D 60 F1 A0 A4 23 00 00,160.0,7000.0,94.51,124.96,13.95
51.1,0x0CFF0500,6D 60 FC A0 A5 1E 00 00,160.0,7000.0,99.04,125.0,12.04
51.2,0x0CFF0500,6D 60 FF A0 A5 1D 00 00,160.0,7000.0,100.0,125.0,11.55
51.3,0x0CFF0500,6D 60 F7 A0 A5 02 00 00,160.0,7000.0,97.05,125.0,1.01
51.4,0x0CFF0500,6D 60 F9 A0 A5 00 00 00,160.0,7000.0,97.69,125.0,0.15
51.5,0x0CFF0500,6D 60 FF A0 A5 12 00 00,160.0,7000.0,100.0,125.0,7.15
51.6,0x0CFF0500,6D 60 FF A0 A4 07 00 00,160.0,7000.0,100.0,125.0,2.99
51.7,0x0CFF0500,6D 60 F8 A0 A5 04 00 00,160.0,7000.0,97.4,125.0,1.6
51.8,0x0CFF0500,6D 60 EF A0 A5 12 00 00,160.0,7000.0,93.78,125.0,7.23
51.9,0x0CFF0500,6D 60 FB A0 A4 23 00 00,160.0,7000.0,98.64,124.94,13.74
52.0,0x0CFF0500,6D 60 FD A0 A5 13 00 00,160.0,7000.0,99.51,125.0,7.54
52.1,0x0CFF0500,6D 60 FF A0 A5 00 00 00,160.0,7000.0,100.0,125.0,0.18
52.2,0x0CFF0500,6D 60 FA A0 A5 12 00 00,160.0,7000.0,98.13,125.0,7.07
52.3,0x0CFF0500,6D 60 FF A0 A5 0A 00 00,160.0,7000.0,100.0,125.0,4.19
52.4,0x0CFF0500,6D 60 FA A0 A4 10 00 00,160.0,7000.0,98.12,124.98,6.48
52.5,0x0CFF0500,6D 60 FB A0 A5 26 00 00,160.0,7000.0,98.62,125.0,14.93
52.6,0x0CFF0500,6D 60 FE A0 A5 0F 00 00,160.0,7000.0,99.73,125.0,5.98
52.7,0x0CFF0500,6D 60 FB A0 A4 0D 00 00,160.0,7000.0,98.74,124.92,5.41
52.8,0x0CFF0500,6D 60 FF A0 A5 07 00 00,160.0,7000.0,100.0,125.0,2.98
52.9,0x0CFF0500,6D 60 FF A0 A5 1C 00 00,160.0,7000.0,100.0,125.0,11.05
53.0,0x0CFF0500,6D 60 FF A0 A4 0C 00 00,160.0,7000.0,100.0,124.94,5.06
53.1,0x0CFF0500,6D 60 FC A0 A5 0B 00 00,160.0,7000.0,98.85,125.0,4.37
53.2,0x0CFF0500,6D 60 FF A0 A5 24 00 00,160.0,7000.0,100.0,125.0,14.48
53.3,0x0CFF0500,6D 60 FF A0 A5 03 00 00,160.0,7000.0,100.0,125.0,1.2
53.4,0x0CFF0500,6D 60 FD A0 A5 1D 00 00,160.0,7000.0,99.57,125.0,11.47
53.5,0x0CFF0500,6D 60 F9 A0 A4 0A 00 00,160.0,7000.0,97.8,124.93,4.26
53.6,0x0CFF0500,6D 60 F6 A0 A5 12 00 00,160.0,7000.0,96.73,125.0,7.14
53.7,0x0CFF0500,6D 60 F0 A0 A5 16 00 00,160.0,7000.0,94.32,125.0,8.96
53.8,0x0CFF0500,6D 60 EE A0 A5 14 00 00,160.0,7000.0,93.44,125.0,8.1
53.9,0x0CFF0500,6D 60 F7 A0 A5 0D 00 00,160.0,7000.0,97.08,125.0,5.16
54.0,0x0CFF0500,6D 60 F4 9A A5 CF 00 00,154.34,7000.0,95.71,125.0,81.21
54.1,0x0CFF0500,6D 60 F2 A0 A5 0E 00 00,160.0,7000.0,95.22,125.0,5.68
54.2,0x0CFF0500,6D 60 F8 A0 A5 0A 00 00,160.0,7000.0,97.38,125.0,4.27
54.3,0x0CFF0500,6D 60 FC A0 A4 17 00 00,160.0,7000.0,99.11,124.92,9.27
54.4,0x0CFF0500,6D 60 F6 A0 A4 03 00 00,160.0,7000.0,96.79,124.93,1.53
54.5,0x0CFF0500,6D 60 F4 A0 A5 0B 00 00,160.0,7000.0,95.86,125.0,4.67
54.6,0x0CFF0500,6D 60 FF A0 A4 02 00 00,160.0,7000.0,100.0,124.99,0.84
54.7,0x0CFF0500,6D 60 FF A0 A5 04 00 00,160.0,7000.0,100.0,125.0,1.83
54.8,0x0CFF0500,6D 60 FF A0 A5 1D 00 00,160.0,7000.0,100.0,125.0,11.56
54.9,0x0CFF0500,6D 60 FF A0 A5 01 00 00,160.0,7000.0,100.0,125.0,0.63
55.0,0x0CFF0500,6D 60 FF A0 A4 08 00 00,160.0,7000.0,100.0,124.98,3.27
55.1,0x0CFF0500,6D 60 FF A0 A5 00 00 00,160.0,7000.0,100.0,125.0,0.13
55.2,0x0CFF0500,6D 60 F8 A0 A5 03 00 00,160.0,7000.0,97.42,125.0,1.37
55.3,0x0CFF0500,6D 60 FE A0 A5 1E 00 00,160.0,7000.0,99.73,125.0,11.87
55.4,0x0CFF0500,6D 60 FE A0 A5 07 00 00,160.0,7000.0,99.68,125.0,2.89
55.5,0x0CFF0500,6D 60 FA A0 A5 1A 00 00,160.0,7000.0,98.33,125.0,10.46
55.6,0x0CFF0500,6D 60 FF A0 A5 15 00 00,160.0,7000.0,100.0,125.0,8.32
55.7,0x0CFF0500,6D 60 FD 99 A5 F4 00 00,153.16,7000.0,99.41,125.0,95.7
55.8,0x0CFF0500,6D 60 FC 9F A5 14 00 00,159.0,7000.0,98.9,125.0,7.86
55.9,0x0CFF0500,6D 60 FD A0 A4 02 00 00,160.0,7000.0,99.61,125.0,1.0
56.0,0x0CFF0500,6D 60 FF A0 A5 1F 00 00,160.0,7000.0,100.0,125.0,12.54
56.1,0x0CFF0500,6D 60 F6 A0 A4 23 00 00,160.0,7000.0,96.64,124.95,13.95
56.2,0x0CFF0500,6D 60 F9 A0 A5 23 00 00,160.0,7000.0,97.66,125.0,14.07
56.3,0x0CFF0500,6D 60 F0 A0 A5 0B 00 00,160.0,7000.0,94.29,125.0,4.56
56.4,0x0CFF0500,6D 60 F2 A0 A5 09 00 00,160.0,7000.0,95.03,125.0,3.73
56.5,0x0CFF0500,6D 60 F0 A0 A4 11 00 00,160.0,7000.0,94.25,124.99,6.88
56.6,0x0CFF0500,6D 60 E9 A0 A5 26 00 00,160.0,7000.0,91.67,125.0,14.98
56.7,0x0CFF0500,6D 60 F1 A0 A5 10 00 00,160.0,7000.0,94.55,125.0,6.46
56.8,0x0CFF0500,6D 60 EC A0 A5 24 00 00,160.0,7000.0,92.84,125.0,14.42
56.9,0x0CFF0500,6D 60 F9 A0 A4 0B 00 00,160.0,7000.0,97.78,124.92,4.53
57.0,0x0CFF0500,6D 60 F5 A0 A4 15 00 00,160.0,7000.0,96.26,124.86,8.3
57.1,0x0CFF0500,6D 60 F3 A0 A4 16 00 00,160.0,7000.0,95.57,124.93,8.73
57.2,0x0CFF0500,6D 60 FA A0 A5 1E 00 00,160.0,7000.0,98.08,125.0,11.89
57.3,0x0CFF0500,6D 60 F6 A0 A5 1B 00 00,160.0,7000.0,96.78,125.0,10.96
57.4,0x0CFF0500,6D 60 F6 A0 A5 21 00 00,160.0,7000.0,96.53,125.0,13.02
57.5,0x0CFF0500,6D 60 F2 A0 A5 01 00 00,160.0,7000.0,95.27,125.0,0.62
57.6,0x0CFF0500,6D 60 F1 A0 A5 11 00 00,160.0,7000.0,94.81,125.0,6.68
57.7,0x0CFF0500,6D 60 E9 A0 A5 15 00 00,160.0,7000.0,91.55,125.0,8.57
57.8,0x0CFF0500,6D 60 E2 A0 A5 15 00 00,160.0,7000.0,88.77,125.0,8.39
57.9,0x0CFF0500,6D 60 D9 A0 A5 1D 00 00,160.0,7000.0,85.41,125.0,11.65
58.0,0x0CFF0500,6D 60 D6 9B A5 C9 00 00,155.0,7000.0,84.3,125.0,79.14
58.1,0x0CFF0500,6D 60 CD 9E A5 1F 00 00,158.56,7000.0,80.7,125.0,12.27
58.2,0x0CFF0500,6D 60 D9 A0 A5 23 00 00,160.0,7000.0,85.24,125.0,13.9
58.3,0x0CFF0500,6D 60 CF A0 A5 07 00 00,160.0,7000.0,81.45,125.0,3.14
58.4,0x0CFF0500,6D 60 C8 98 A4 DF 00 00,152.71,7000.0,78.72,124.99,87.49
58.5,0x0CFF0500,6D 60 CC 9D A5 02 00 00,157.23,7000.0,80.28,125.0,0.8
58.6,0x0CFF0500,6D 60 D6 A0 A5 00 00 00,160.0,7000.0,84.06,125.0,0.29
58.7,0x0CFF0500,6D 60 D3 A0 A5 21 00 00,160.0,7000.0,82.9,125.0,13.0
58.8,0x0CFF0500,6D 60 CE A0 A5 14 00 00,160.0,7000.0,81.13,125.0,7.94
58.9,0x0CFF0500,6D 60 CA A0 A5 25 00 00,160.0,7000.0,79.25,125.0,14.67
59.0,0x0CFF0500,6D 60 C0 A0 A5 15 00 00,160.0,7000.0,75.52,125.0,8.32
59.1,0x0CFF0500,6D 60 CC A0 A4 17 00 00,160.0,7000.0,80.16,124.98,9.19
59.2,0x0CFF0500,6D 60 C9 A0 A5 14 00 00,160.0,7000.0,79.13,125.0,8.13
59.3,0x0CFF0500,6D 60 CF A0 A4 14 00 00,160.0,7000.0,81.47,124.97,7.86
59.4,0x0CFF0500,6D 60 CC A0 A5 15 00 00,160.0,7000.0,80.33,125.0,8.36
59.5,0x0CFF0500,6D 60 D6 A0 A5 0F 00 00,160.0,7000.0,84.25,125.0,6.21
59.6,0x0CFF0500,6D 60 DE A0 A5 04 00 00,160.0,7000.0,87.26,125.0,1.6
59.7,0x0CFF0500,6D 60 D9 A0 A5 1A 00 00,160.0,7000.0,85.35,125.0,10.31
59.8,0x0CFF0500,6D 60 D8 A0 A4 20 00 00,160.0,7000.0,84.72,124.93,12.78
59.9,0x0CFF0500,6D 60 D4 A0 A4 0F 00 00,160.0,7000.0,83.15,124.87,6.2
60.0,0x0CFF0500,6D 60 DD A0 A4 12 00 00,160.0,7000.0,86.95,124.95,7.35
60.1,0x0CFF0500,6D 60 DC A0 A5 0B 00 00,160.0,7000.0,86.37,125.0,4.69
60.2,0x0CFF0500,6D 60 DE A0 A5 11 00 00,160.0,7000.0,87.06,125.0,6.77
60.3,0x0CFF0500,6D 60 E0 A0 A5 13 00 00,160.0,7000.0,88.08,125.0,7.74
60.4,0x0CFF0500,6D 60 E0 A0 A4 10 00 00,160.0,7000.0,88.23,124.97,6.34
60.5,0x0CFF0500,6D 60 E7 A0 A4 04 00 00,160.0,7000.0,90.74,124.94,1.7
60.6,0x0CFF0500,6D 60 E1 A0 A4 16 00 00,160.0,7000.0,88.35,124.96,8.85
60.7,0x0CFF0500,6D 60 E9 A0 A5 1B 00 00,160.0,7000.0,91.51,125.0,10.78
60.8,0x0CFF0500,6D 60 F1 A0 A5 13 00 00,160.0,7000.0,94.63,125.0,7.67
60.9,0x0CFF0500,6D 60 F6 A0 A5 05 00 00,160.0,7000.0,96.57,125.0,2.25
61.0,0x0CFF0500,6D 60 F6 A0 A5 17 00 00,160.0,7000.0,96.59,125.0,9.4
61.1,0x0CFF0500,6D 60 FF 98 A5 F6 00 00,152.0,7000.0,100.0,125.0,96.48
61.2,0x0CFF0500,6D 60 FF 9E A5 09 00 00,158.69,7000.0,100.0,125.0,3.67
61.3,0x0CFF0500,6D 60 FF A0 A5 01 00 00,160.0,7000.0,100.0,125.0,0.55
61.4,0x0CFF0500,6D 60 FE A0 A5 06 00 00,160.0,7000.0,99.75,125.0,2.67
61.5,0x0CFF0500,6D 60 FE A0 A5 16 00 00,160.0,7000.0,99.85,125.0,8.68
61.6,0x0CFF0500,6D 60 FE A0 A5 15 00 00,160.0,7000.0,99.7,125.0,8.26
61.7,0x0CFF0500,6D 60 FF A0 A5 17 00 00,160.0,7000.0,100.0,125.0,9.18
61.8,0x0CFF0500,6D 60 FF A0 A5 25 00 00,160.0,7000.0,100.0,125.0,14.79
61.9,0x0CFF0500,6D 60 F7 A0 A4 15 00 00,160.0,7000.0,97.17,124.99,8.44
62.0,0x0CFF0500,6D 60 FF 98 A5 E2 00 00,152.92,7000.0,100.0,125.0,88.76
62.1,0x0CFF0500,6D 60 FC 9D A5 15 00 00,157.61,7000.0,99.0,125.0,8.41
62.2,0x0CFF0500,6D 60 FD 96 A5 E6 00 00,150.68,7000.0,99.56,125.0,90.58
62.3,0x0CFF0500,6D 60 FB 9D A5 0C 00 00,157.65,7000.0,98.54,125.0,5.07
62.4,0x0CFF0500,6D 60 FF A0 A5 14 00 00,160.0,7000.0,100.0,125.0,8.05
62.5,0x0CFF0500,6D 60 FF A0 A5 0C 00 00,160.0,7000.0,100.0,125.0,4.73
62.6,0x0CFF0500,6D 60 FF 98 A5 FD 00 00,152.33,7000.0,100.0,125.0,99.51
62.7,0x0CFF0500,6D 60 FF 9D A5 1C 00 00,157.26,7000.0,100.0,125.0,11.27
62.8,0x0CFF0500,6D 60 FF A0 A5 24 00 00,160.0,7000.0,100.0,125.0,14.26
62.9,0x0CFF0500,6D 60 FE A0 A5 00 00 00,160.0,7000.0,99.99,125.0,0.37
63.0,0x0CFF0500,6D 60 FF A0 A5 05 00 00,160.0,7000.0,100.0,125.0,2.15
63.1,0x0CFF0500,6D 60 FF A0 A5 1B 00 00,160.0,7000.0,100.0,125.0,10.71
63.2,0x0CFF0500,6D 60 FF A0 A5 01 00 00,160.0,7000.0,100.0,125.0,0.69
63.3,0x0CFF0500,6D 60 FC A0 A4 07 00 00,160.0,7000.0,98.89,124.96,2.89
63.4,0x0CFF0500,6D 60 F2 A0 A5 17 00 00,160.0,7000.0,95.03,125.0,9.34
63.5,0x0CFF0500,6D 60 EE A0 A5 09 00 00,160.0,7000.0,93.57,125.0,3.67
63.6,0x0CFF0500,6D 60 F3 A0 A5 04 00 00,160.0,7000.0,95.65,125.0,1.59
63.7,0x0CFF0500,6D 60 F9 A0 A5 17 00 00,160.0,7000.0,97.95,125.0,9.24
63.8,0x0CFF0500,6D 60 FF A0 A5 11 00 00,160.0,7000.0,100.0,125.0,6.99
63.9,0x0CFF0500,6D 60 FF A0 A5 11 00 00,160.0,7000.0,100.0,125.0,6.98
64.0,0x0CFF0500,6D 60 FF A0 A4 19 00 00,160.0,7000.0,100.0,124.93,9.98
64.1,0x0CFF0500,6D 60 FF A0 A4 06 00 00,160.0,7000.0,100.0,124.89,2.56
64.2,0x0CFF0500,6D 60 FC A0 A4 18 00 00,160.0,7000.0,98.93,124.97,9.74
64.3,0x0CFF0500,6D 60 FF A0 A5 0E 00 00,160.0,7000.0,100.0,125.0,5.76
64.4,0x0CFF0500,6D 60 FF A0 A5 09 00 00,160.0,7000.0,100.0,125.0,3.54
64.5,0x0CFF0500,6D 60 FF A0 A4 15 00 00,160.0,7000.0,100.0,124.94,8.33
64.6,0x0CFF0500,6D 60 FF A0 A5 0E 00 00,160.0,7000.0,100.0,125.0,5.68
64.7,0x0CFF0500,6D 60 FF A0 A5 00 00 00,160.0,7000.0,100.0,125.0,0.0
64.8,0x0CFF0500,6D 60 FF A0 A5 0C 00 00,160.0,7000.0,100.0,125.0,4.75
64.9,0x0CFF0500,6D 60 FC 97 A5 FD 00 00,151.81,7000.0,99.1,125.0,99.59
65.0,0x0CFF0500,6D 60 F3 9C A5 1A 00 00,156.63,7000.0,95.58,125.0,10.55
65.1,0x0CFF0500,6D 60 F2 A0 A5 0C 00 00,160.0,7000.0,95.12,125.0,4.77
65.2,0x0CFF0500,6D 60 F1 A0 A5 23 00 00,160.0,7000.0,94.59,125.0,13.87
65.3,0x0CFF0500,6D 60 E7 A0 A4 1B 00 00,160.0,7000.0,90.73,124.95,10.82
65.4,0x0CFF0500,6D 60 E7 A0 A5 1E 00 00,160.0,7000.0,90.83,125.0,11.83
65.5,0x0CFF0500,6D 60 E5 A0 A5 07 00 00,160.0,7000.0,90.03,125.0,2.79
65.6,0x0CFF0500,6D 60 E7 A0 A4 0E 00 00,160.0,7000.0,90.95,124.96,5.5
65.7,0x0CFF0500,6D 60 E0 A0 A5 1B 00 00,160.0,7000.0,88.22,125.0,10.97
65.8,0x0CFF0500,6D 60 D8 A0 A5 12 00 00,160.0,7000.0,85.02,125.0,7.09
65.9,0x0CFF0500,6D 60 CF A0 A5 0D 00 00,160.0,7000.0,81.49,125.0,5.15
66.0,0x0CFF0500,6D 60 DB A0 A5 1E 00 00,160.0,7000.0,86.14,125.0,11.97
66.1,0x0CFF0500,6D 60 D2 A0 A5 12 00 00,160.0,7000.0,82.69,125.0,7.1
66.2,0x0CFF0500,6D 60 CA A0 A5 13 00 00,160.0,7000.0,79.44,125.0,7.58
66.3,0x0CFF0500,6D 60 C4 A0 A5 16 00 00,160.0,7000.0,77.01,125.0,8.88
66.4,0x0CFF0500,6D 60 CC A0 A5 20 00 00,160.0,7000.0,80.2,125.0,12.93
66.5,0x0CFF0500,6D 60 D9 A0 A5 1D 00 00,160.0,7000.0,85.14,125.0,11.56
66.6,0x0CFF0500,6D 60 DD A0 A5 1C 00 00,160.0,7000.0,86.92,125.0,11.33
66.7,0x0CFF0500,6D 60 DF A0 A5 0E 00 00,160.0,7000.0,87.72,125.0,5.7
66.8,0x0CFF0500,6D 60 E5 A0 A5 24 00 00,160.0,7000.0,89.82,125.0,14.43
66.9,0x0CFF0500,6D 60 EF A0 A5 20 00 00,160.0,7000.0,94.09,125.0,12.88
67.0,0x0CFF0500,6D 60 F6 A0 A5 1C 00 00,160.0,7000.0,96.83,125.0,11.01
67.1,0x0CFF0500,6D 60 FC 9B A5 B9 00 00,155.19,7000.0,98.88,125.0,72.93
67.2,0x0CFF0500,6D 60 F2 A0 A5 03 00 00,160.0,7000.0,95.1,125.0,1.38
67.3,0x0CFF0500,6D 60 EB A0 A5 20 00 00,160.0,7000.0,92.18,125.0,12.85
67.4,0x0CFF0500,6D 60 F0 A0 A5 09 00 00,160.0,7000.0,94.44,125.0,3.8
67.5,0x0CFF0500,6D 60 FB A0 A5 1D 00 00,160.0,7000.0,98.57,125.0,11.55
67.6,0x0CFF0500,6D 60 F2 A0 A5 24 00 00,160.0,7000.0,95.11,125.0,14.33
67.7,0x0CFF0500,6D 60 F3 A0 A5 05 00 00,160.0,7000.0,95.54,125.0,2.16
67.8,0x0CFF0500,6D 60 EB A0 A4 15 00 00,160.0,7000.0,92.19,124.98,8.57
67.9,0x0CFF0500,6D 60 F0 A0 A5 0A 00 00,160.0,7000.0,94.17,125.0,4.0
68.0,0x0CFF0500,6D 60 EF A0 A4 20 00 00,160.0,7000.0,94.1,124.92,12.66
68.1,0x0CFF0500,6D 60 F0 A0 A4 15 00 00,160.0,7000.0,94.44,124.99,8.51
68.2,0x0CFF0500,6D 60 E8 A0 A5 14 00 00,160.0,7000.0,91.25,125.0,8.02
68.3,0x0CFF0500,6D 60 DF A0 A5 0E 00 00,160.0,7000.0,87.61,125.0,5.76
68.4,0x0CFF0500,6D 60 E3 A0 A5 1C 00 00,160.0,7000.0,89.3,125.0,11.03
68.5,0x0CFF0500,6D 60 E5 A0 A5 0B 00 00,160.0,7000.0,90.17,125.0,4.62
68.6,0x0CFF0500,6D 60 ED A0 A5 01 00 00,160.0,7000.0,93.26,125.0,0.64
68.7,0x0CFF0500,6D 60 E7 A0 A5 16 00 00,160.0,7000.0,90.6,125.0,8.69
68.8,0x0CFF0500,6D 60 DD A0 A5 1A 00 00,160.0,7000.0,87.01,125.0,10.52
68.9,0x0CFF0500,6D 60 D7 A0 A5 16 00 00,160.0,7000.0,84.55,125.0,8.87
69.0,0x0CFF0500,6D 60 D7 A0 A5 1F 00 00,160.0,7000.0,84.38,125.0,12.17
69.1,0x0CFF0500,6D 60 E0 A0 A4 1E 00 00,160.0,7000.0,87.91,124.96,11.9
69.2,0x0CFF0500,6D 60 E5 A0 A4 15 00 00,160.0,7000.0,90.18,124.92,8.3
69.3,0x0CFF0500,6D 60 ED A0 A4 00 00 00,160.0,7000.0,93.18,124.87,0.23
69.4,0x0CFF0500,6D 60 EC A0 A5 1E 00 00,160.0,7000.0,92.92,125.0,12.11
69.5,0x0CFF0500,6D 60 F8 9B A5 C0 00 00,155.51,7000.0,97.36,125.0,75.4
69.6,0x0CFF0500,6D 60 EE A0 A5 09 00 00,160.0,7000.0,93.41,125.0,3.53
69.7,0x0CFF0500,6D 60 E9 A0 A5 1D 00 00,160.0,7000.0,91.38,125.0,11.55
69.8,0x0CFF0500,6D 60 E9 A0 A5 06 00 00,160.0,7000.0,91.65,125.0,2.64
69.9,0x0CFF0500,6D 60 F1 A0 A4 1D 00 00,160.0,7000.0,94.89,124.99,11.38
70.0,0x0CFF0500,6D 60 EA A0 A4 22 00 00,160.0,7000.0,91.94,124.98,13.43
70.1,0x0CFF0500,6D 60 F2 A0 A5 0C 00 00,160.0,7000.0,94.95,125.0,4.89
70.2,0x0CFF0500,6D 60 F3 A0 A5 22 00 00,160.0,7000.0,95.31,125.0,13.36
70.3,0x0CFF0500,6D 60 F7 A0 A4 25 00 00,160.0,7000.0,97.0,124.94,14.63
70.4,0x0CFF0500,6D 60 F7 A0 A5 06 00 00,160.0,7000.0,97.13,125.0,2.57
70.5,0x0CFF0500,6D 60 F1 A0 A5 25 00 00,160.0,7000.0,94.65,125.0,14.55
70.6,0x0CFF0500,6D 60 FA A0 A5 0A 00 00,160.0,7000.0,98.19,125.0,4.19
70.7,0x0CFF0500,6D 60 FD A0 A4 05 00 00,160.0,7000.0,99.51,124.93,2.23
70.8,0x0CFF0500,6D 60 F4 A0 A5 14 00 00,160.0,7000.0,95.82,125.0,7.97
70.9,0x0CFF0500,6D 60 EA A0 A5 1B 00 00,160.0,7000.0,91.93,125.0,10.98
71.0,0x0CFF0500,6D 60 E7 A0 A5 1A 00 00,160.0,7000.0,90.67,125.0,10.55
71.1,0x0CFF0500,6D 60 E6 A0 A5 1E 00 00,160.0,7000.0,90.32,125.0,11.85
71.2,0x0CFF0500,6D 60 E3 A0 A5 01 00 00,160.0,7000.0,89.32,125.0,0.49
71.3,0x0CFF0500,6D 60 DB A0 A5 21 00 00,160.0,7000.0,86.04,125.0,13.21
71.4,0x0CFF0500,6D 60 D9 A0 A4 17 00 00,160.0,7000.0,85.33,124.94,9.29
71.5,0x0CFF0500,6D 60 E5 A0 A5 09 00 00,160.0,7000.0,90.17,125.0,3.58
71.6,0x0CFF0500,6D 60 EC A0 A5 08 00 00,160.0,7000.0,92.87,125.0,3.38
71.7,0x0CFF0500,6D 60 ED A0 A5 14 00 00,160.0,7000.0,93.25,125.0,7.9
71.8,0x0CFF0500,6D 60 F5 A0 A5 24 00 00,160.0,7000.0,96.45,125.0,14.18
71.9,0x0CFF0500,6D 60 FF A0 A5 0B 00 00,160.0,7000.0,100.0,125.0,4.33
72.0,0x0CFF0500,6D 60 FF A0 A4 17 00 00,160.0,7000.0,100.0,124.97,9.41
72.1,0x0CFF0500,6D 60 FF A0 A5 0B 00 00,160.0,7000.0,100.0,125.0,4.37
72.2,0x0CFF0500,6D 60 FC A0 A5 18 00 00,160.0,7000.0,99.09,125.0,9.69
72.3,0x0CFF0500,6D 60 F5 A0 A5 1E 00 00,160.0,7000.0,96.27,125.0,11.84
72.4,0x0CFF0500,6D 60 F3 A0 A5 11 00 00,160.0,7000.0,95.45,125.0,6.84
72.5,0x0CFF0500,6D 60 F9 A0 A5 19 00 00,160.0,7000.0,97.69,125.0,10.0
72.6,0x0CFF0500,6D 60 F3 9A A5 CA 00 00,154.44,7000.0,95.35,125.0,79.51
72.7,0x0CFF0500,6D 60 FE 9F A5 0F 00 00,159.79,7000.0,99.63,125.0,6.07
72.8,0x0CFF0500,6D 60 FB A0 A5 1A 00 00,160.0,7000.0,98.61,125.0,10.58
72.9,0x0CFF0500,6D 60 FE A0 A5 22 00 00,160.0,7000.0,99.7,125.0,13.6
73.0,0x0CFF0500,6D 60 FB A0 A4 0F 00 00,160.0,7000.0,98.47,124.94,6.02
73.1,0x0CFF0500,6D 60 F6 A0 A5 23 00 00,160.0,7000.0,96.47,125.0,14.03
73.2,0x0CFF0500,6D 60 F7 A0 A5 07 00 00,160.0,7000.0,97.08,125.0,2.92
73.3,0x0CFF0500,6D 60 FF A0 A5 0E 00 00,160.0,7000.0,100.0,125.0,5.54
73.4,0x0CFF0500,6D 60 FF A0 A5 10 00 00,160.0,7000.0,100.0,125.0,6.66
73.5,0x0CFF0500,6D 60 FF A0 A5 05 00 00,160.0,7000.0,100.0,125.0,2.09
73.6,0x0CFF0500,6D 60 F6 A0 A5 24 00 00,160.0,7000.0,96.6,125.0,14.4
73.7,0x0CFF0500,6D 60 FC A0 A5 1C 00 00,160.0,7000.0,98.99,125.0,11.33
73.8,0x0CFF0500,6D 60 FF A0 A4 0B 00 00,160.0,7000.0,100.0,124.92,4.56
73.9,0x0CFF0500,6D 60 FF A0 A5 12 00 00,160.0,7000.0,100.0,125.0,7.09
74.0,0x0CFF0500,6D 60 F7 A0 A5 0A 00 00,160.0,7000.0,97.07,125.0,4.16
74.1,0x0CFF0500,6D 60 FB A0 A5 12 00 00,160.0,7000.0,98.73,125.0,7.14
74.2,0x0CFF0500,6D 60 F2 A0 A5 0C 00 00,160.0,7000.0,95.25,125.0,4.8
74.3,0x0CFF0500,6D 60 F0 A0 A5 0B 00 00,160.0,7000.0,94.46,125.0,4.35
74.4,0x0CFF0500,6D 60 F7 A0 A5 14 00 00,160.0,7000.0,97.23,125.0,8.16
74.5,0x0CFF0500,6D 60 EF A0 A5 16 00 00,160.0,7000.0,94.09,125.0,8.7
74.6,0x0CFF0500,6D 60 FA A0 A5 03 00 00,160.0,7000.0,98.29,125.0,1.54
74.7,0x0CFF0500,6D 60 FC A0 A5 14 00 00,160.0,7000.0,99.02,125.0,7.98
74.8,0x0CFF0500,6D 60 FF A0 A5 12 00 00,160.0,7000.0,100.0,125.0,7.19
74.9,0x0CFF0500,6D 60 FC 98 A4 F0 00 00,152.21,7000.0,99.08,124.97,94.44
75.0,0x0CFF0500,6D 60 F5 9F A5 03 00 00,159.34,7000.0,96.25,125.0,1.18
75.1,0x0CFF0500,6D 60 ED A0 A5 1E 00 00,160.0,7000.0,93.22,125.0,11.9
75.2,0x0CFF0500,6D 60 F4 A0 A4 1D 00 00,160.0,7000.0,96.01,124.99,11.74
75.3,0x0CFF0500,6D 60 FE A0 A5 24 00 00,160.0,7000.0,99.62,125.0,14.13
75.4,0x0CFF0500,6D 60 FF A0 A4 03 00 00,160.0,7000.0,100.0,124.99,1.49
75.5,0x0CFF0500,6D 60 FF A0 A5 25 00 00,160.0,7000.0,100.0,125.0,14.6
75.6,0x0CFF0500,6D 60 FE A0 A5 24 00 00,160.0,7000.0,99.96,125.0,14.37
75.7,0x0CFF0500,6D 60 FF A0 A5 04 00 00,160.0,7000.0,100.0,125.0,1.85
75.8,0x0CFF0500,6D 60 FC A0 A5 04 00 00,160.0,7000.0,98.95,125.0,1.74
75.9,0x0CFF0500,6D 60 F8 A0 A5 20 00 00,160.0,7000.0,97.57,125.0,12.83
76.0,0x0CFF0500,6D 60 FF A0 A4 12 00 00,160.0,7000.0,100.0,124.95,7.37
76.1,0x0CFF0500,6D 60 FF A0 A5 03 00 00,160.0,7000.0,100.0,125.0,1.53
76.2,0x0CFF0500,6D 60 FF A0 A5 04 00 00,160.0,7000.0,100.0,125.0,1.84
76.3,0x0CFF0500,6D 60 FF A0 A5 18 00 00,160.0,7000.0,100.0,125.0,9.66
76.4,0x0CFF0500,6D 60 FF A0 A4 04 00 00,160.0,7000.0,100.0,124.97,1.62
76.5,0x0CFF0500,6D 60 F6 A0 A4 19 00 00,160.0,7000.0,96.61,124.95,10.17
76.6,0x0CFF0500,6D 60 ED A0 A5 1C 00 00,160.0,7000.0,93.3,125.0,11.27
76.7,0x0CFF0500,6D 60 EB A0 A5 20 00 00,160.0,7000.0,92.4,125.0,12.9
76.8,0x0CFF0500,6D 60 E8 A0 A5 0E 00 00,160.0,7000.0,91.23,125.0,5.65
76.9,0x0CFF0500,6D 60 E9 A0 A5 05 00 00,160.0,7000.0,91.65,125.0,2.02
77.0,0x0CFF0500,6D 60 EC A0 A5 12 00 00,160.0,7000.0,92.8,125.0,7.14
77.1,0x0CFF0500,6D 60 EA A0 A5 25 00 00,160.0,7000.0,91.97,125.0,14.67
77.2,0x0CFF0500,6D 60 E0 A0 A5 22 00 00,160.0,7000.0,88.22,125.0,13.37
77.3,0x0CFF0500,6D 60 DC A0 A5 18 00 00,160.0,7000.0,86.44,125.0,9.72
77.4,0x0CFF0500,6D 60 D9 A0 A5 11 00 00,160.0,7000.0,85.38,125.0,6.91
77.5,0x0CFF0500,6D 60 E6 A0 A4 0E 00 00,160.0,7000.0,90.25,124.96,5.67
77.6,0x0CFF0500,6D 60 E7 A0 A5 1D 00 00,160.0,7000.0,90.78,125.0,11.47
77.7,0x0CFF0500,6D 60 EF A0 A5 20 00 00,160.0,7000.0,93.86,125.0,12.61
77.8,0x0CFF0500,6D 60 F6 A0 A4 03 00 00,160.0,7000.0,96.55,124.94,1.38
77.9,0x0CFF0500,6D 60 F0 A0 A5 1E 00 00,160.0,7000.0,94.43,125.0,11.93
78.0,0x0CFF0500,6D 60 EF A0 A4 17 00 00,160.0,7000.0,94.06,124.92,9.37
78.1,0x0CFF0500,6D 60 F2 A0 A5 08 00 00,160.0,7000.0,95.25,125.0,3.19
78.2,0x0CFF0500,6D 60 FA A0 A5 10 00 00,160.0,7000.0,98.17,125.0,6.51
78.3,0x0CFF0500,6D 60 FF A0 A4 0B 00 00,160.0,7000.0,100.0,124.94,4.5
78.4,0x0CFF0500,6D 60 FF A0 A4 18 00 00,160.0,7000.0,100.0,124.9,9.69
78.5,0x0CFF0500,6D 60 FF A0 A4 11 00 00,160.0,7000.0,100.0,124.83,6.96
78.6,0x0CFF0500,6D 60 FA A0 A5 1E 00 00,160.0,7000.0,98.33,125.0,12.05
78.7,0x0CFF0500,6D 60 FF A0 A5 03 00 00,160.0,7000.0,100.0,125.0,1.26
78.8,0x0CFF0500,6D 60 F6 A0 A5 24 00 00,160.0,7000.0,96.81,125.0,14.15
78.9,0x0CFF0500,6D 60 FF A0 A5 24 00 00,160.0,7000.0,100.0,125.0,14.25
79.0,0x0CFF0500,6D 60 FC A0 A5 16 00 00,160.0,7000.0,98.96,125.0,8.76
79.1,0x0CFF0500,6D 60 FF A0 A5 10 00 00,160.0,7000.0,100.0,125.0,6.59
79.2,0x0CFF0500,6D 60 FE A0 A5 1A 00 00,160.0,7000.0,99.81,125.0,10.24
79.3,0x0CFF0500,6D 60 F4 A0 A5 24 00 00,160.0,7000.0,96.0,125.0,14.5
79.4,0x0CFF0500,6D 60 F0 A0 A5 15 00 00,160.0,7000.0,94.16,125.0,8.29
79.5,0x0CFF0500,6D 60 F9 A0 A5 0E 00 00,160.0,7000.0,97.88,125.0,5.83
79.6,0x0CFF0500,6D 60 F4 A0 A5 08 00 00,160.0,7000.0,96.0,125.0,3.16
79.7,0x0CFF0500,6D 60 EB A0 A5 21 00 00,160.0,7000.0,92.3,125.0,13.0
79.8,0x0CFF0500,6D 60 F5 A0 A5 1F 00 00,160.0,7000.0,96.19,125.0,12.3
79.9,0x0CFF0500,6D 60 FC 9C A5 B6 00 00,156.47,7000.0,98.83,125.0,71.56
80.0,0x0CFF0500,6D 60 FF A0 A5 0B 00 00,160.0,7000.0,100.0,125.0,4.71
80.1,0x0CFF0500,6D 60 FF A0 A5 1A 00 00,160.0,7000.0,100.0,125.0,10.29
80.2,0x0CFF0500,6D 60 FF A0 A5 1E 00 00,160.0,7000.0,100.0,125.0,11.99
80.3,0x0CFF0500,6D 60 F9 A0 A5 24 00 00,160.0,7000.0,98.02,125.0,14.22
80.4,0x0CFF0500,6D 60 FF A0 A4 06 00 00,160.0,7000.0,100.0,124.95,2.53
80.5,0x0CFF0500,6D 60 F7 A0 A5 1B 00 00,160.0,7000.0,97.06,125.0,10.78
80.6,0x0CFF0500,6D 60 F1 A0 A4 20 00 00,160.0,7000.0,94.77,124.97,12.93
80.7,0x0CFF0500,6D 60 FE A0 A4 0A 00 00,160.0,7000.0,99.73,124.94,4.24
80.8,0x0CFF0500,6D 60 FF A0 A4 22 00 00,160.0,7000.0,100.0,124.86,13.61
80.9,0x0CFF0500,6D 60 FF A0 A4 1A 00 00,160.0,7000.0,100.0,124.88,10.3
81.0,0x0CFF0500,6D 60 FC A0 A5 08 00 00,160.0,7000.0,99.0,125.0,3.52
81.1,0x0CFF0500,6D 60 F3 A0 A5 09 00 00,160.0,7000.0,95.41,125.0,3.8
81.2,0x0CFF0500,6D 60 F6 A0 A4 09 00 00,160.0,7000.0,96.63,124.97,3.9
81.3,0x0CFF0500,6D 60 EF A0 A5 04 00 00,160.0,7000.0,93.91,125.0,1.75
81.4,0x0CFF0500,6D 60 EB A0 A5 21 00 00,160.0,7000.0,92.45,125.0,13.15
81.5,0x0CFF0500,6D 60 F8 A0 A5 1D 00 00,160.0,7000.0,97.4,125.0,11.46
81.6,0x0CFF0500,6D 60 F3 A0 A5 01 00 00,160.0,7000.0,95.47,125.0,0.54
81.7,0x0CFF0500,6D 60 F1 A0 A5 1B 00 00,160.0,7000.0,94.68,125.0,10.64
81.8,0x0CFF0500,6D 60 FB A0 A5 06 00 00,160.0,7000.0,98.49,125.0,2.71
81.9,0x0CFF0500,6D 60 FF A0 A5 14 00 00,160.0,7000.0,100.0,125.0,7.89
82.0,0x0CFF0500,6D 60 F5 A0 A5 1A 00 00,160.0,7000.0,96.23,125.0,10.22
82.1,0x0CFF0500,6D 60 ED A0 A5 1F 00 00,160.0,7000.0,92.96,125.0,12.46
82.2,0x0CFF0500,6D 60 F8 A0 A5 0C 00 00,160.0,7000.0,97.52,125.0,4.87
82.3,0x0CFF0500,6D 60 FD A0 A5 0C 00 00,160.0,7000.0,99.31,125.0,4.85
82.4,0x0CFF0500,6D 60 FF A0 A5 21 00 00,160.0,7000.0,100.0,125.0,12.98
82.5,0x0CFF0500,6D 60 FF A0 A5 04 00 00,160.0,7000.0,100.0,125.0,1.81
82.6,0x0CFF0500,6D 60 FF A0 A5 1F 00 00,160.0,7000.0,100.0,125.0,12.48
82.7,0x0CFF0500,6D 60 FF A0 A4 1F 00 00,160.0,7000.0,100.0,124.93,12.16
82.8,0x0CFF0500,6D 60 F9 A0 A5 1A 00 00,160.0,7000.0,98.02,125.0,10.29
82.9,0x0CFF0500,6D 60 FF A0 A5 12 00 00,160.0,7000.0,100.0,125.0,7.16
83.0,0x0CFF0500,6D 60 F5 A0 A4 02 00 00,160.0,7000.0,96.43,124.95,1.15
83.1,0x0CFF0500,6D 60 F1 A0 A5 09 00 00,160.0,7000.0,94.71,125.0,3.82
83.2,0x0CFF0500,6D 60 F0 A0 A5 03 00 00,160.0,7000.0,94.25,125.0,1.25
83.3,0x0CFF0500,6D 60 EC A0 A5 24 00 00,160.0,7000.0,92.63,125.0,14.5
83.4,0x0CFF0500,6D 60 E4 9A A5 BB 00 00,154.59,7000.0,89.59,125.0,73.5
83.5,0x0CFF0500,6D 60 E8 A0 A5 12 00 00,160.0,7000.0,91.01,125.0,7.3
83.6,0x0CFF0500,6D 60 E4 9A A5 BB 00 00,154.31,7000.0,89.73,125.0,73.36
83.7,0x0CFF0500,6D 60 E9 A0 A5 10 00 00,160.0,7000.0,91.58,125.0,6.54
83.8,0x0CFF0500,6D 60 DF A0 A5 06 00 00,160.0,7000.0,87.77,125.0,2.49
83.9,0x0CFF0500,6D 60 DA A0 A5 15 00 00,160.0,7000.0,85.59,125.0,8.54
84.0,0x0CFF0500,6D 60 E3 A0 A5 1C 00 00,160.0,7000.0,89.22,125.0,11.06
84.1,0x0CFF0500,6D 60 E7 A0 A5 19 00 00,160.0,7000.0,90.73,125.0,10.18
84.2,0x0CFF0500,6D 60 DE A0 A5 22 00 00,160.0,7000.0,87.3,125.0,13.39
84.3,0x0CFF0500,6D 60 D4 A0 A5 0B 00 00,160.0,7000.0,83.49,125.0,4.32
84.4,0x0CFF0500,6D 60 D8 A0 A5 20 00 00,160.0,7000.0,84.9,125.0,12.64
84.5,0x0CFF0500,6D 60 DD A0 A5 1C 00 00,160.0,7000.0,86.96,125.0,11.02
84.6,0x0CFF0500,6D 60 E2 A0 A5 04 00 00,160.0,7000.0,88.97,125.0,1.94
84.7,0x0CFF0500,6D 60 DD 97 A5 F5 00 00,151.33,7000.0,86.85,125.0,96.43
84.8,0x0CFF0500,6D 60 D4 9B A5 10 00 00,155.44,7000.0,83.42,125.0,6.46
84.9,0x0CFF0500,6D 60 CB 9E A5 21 00 00,158.36,7000.0,79.84,125.0,13.17
85.0,0x0CFF0500,6D 60 D6 A0 A4 10 00 00,160.0,7000.0,84.18,124.96,6.57
85.1,0x0CFF0500,6D 60 E2 A0 A5 1F 00 00,160.0,7000.0,88.71,125.0,12.35
85.2,0x0CFF0500,6D 60 DE A0 A5 10 00 00,160.0,7000.0,87.34,125.0,6.62
85.3,0x0CFF0500,6D 60 E7 A0 A5 10 00 00,160.0,7000.0,90.98,125.0,6.59
85.4,0x0CFF0500,6D 60 DF A0 A4 0E 00 00,160.0,7000.0,87.74,124.98,5.59
85.5,0x0CFF0500,6D 60 DA A0 A5 1E 00 00,160.0,7000.0,85.8,125.0,12.03
85.6,0x0CFF0500,6D 60 D1 98 A5 F0 00 00,152.5,7000.0,82.07,125.0,94.19
85.7,0x0CFF0500,6D 60 C8 9C A4 1D 00 00,156.58,7000.0,78.62,124.94,11.39
85.8,0x0CFF0500,6D 60 CD A0 A5 13 00 00,160.0,7000.0,80.56,125.0,7.8
85.9,0x0CFF0500,6D 60 D8 A0 A5 00 00 00,160.0,7000.0,84.75,125.0,0.12
86.0,0x0CFF0500,6D 60 DA A0 A5 1E 00 00,160.0,7000.0,85.64,125.0,11.83
86.1,0x0CFF0500,6D 60 D7 A0 A4 01 00 00,160.0,7000.0,84.36,124.97,0.55
86.2,0x0CFF0500,6D 60 CF A0 A4 15 00 00,160.0,7000.0,81.19,124.89,8.28
86.3,0x0CFF0500,6D 60 CA A0 A4 1D 00 00,160.0,7000.0,79.37,124.83,11.61
86.4,0x0CFF0500,6D 60 C8 A0 A5 01 00 00,160.0,7000.0,78.56,125.0,0.72
86.5,0x0CFF0500,6D 60 D0 A0 A5 25 00 00,160.0,7000.0,81.8,125.0,14.84
86.6,0x0CFF0500,6D 60 CC A0 A5 1E 00 00,160.0,7000.0,80.37,125.0,11.77
86.7,0x0CFF0500,6D 60 D0 A0 A5 1F 00 00,160.0,7000.0,81.61,125.0,12.34
86.8,0x0CFF0500,6D 60 DA A0 A5 12 00 00,160.0,7000.0,85.6,125.0,7.14
86.9,0x0CFF0500,6D 60 D6 A0 A5 13 00 00,160.0,7000.0,83.98,125.0,7.48
87.0,0x0CFF0500,6D 60 CF A0 A5 04 00 00,160.0,7000.0,81.28,125.0,1.91
87.1,0x0CFF0500,6D 60 CF A0 A5 1C 00 00,160.0,7000.0,81.54,125.0,11.2
87.2,0x0CFF0500,6D 60 D2 A0 A5 01 00 00,160.0,7000.0,82.68,125.0,0.6
87.3,0x0CFF0500,6D 60 CB A0 A5 16 00 00,160.0,7000.0,79.96,125.0,8.84
87.4,0x0CFF0500,6D 60 C4 A0 A5 0D 00 00,160.0,7000.0,77.06,125.0,5.23
87.5,0x0CFF0500,6D 60 C5 A0 A5 1B 00 00,160.0,7000.0,77.34,125.0,10.8
87.6,0x0CFF0500,6D 60 CE A0 A5 0C 00 00,160.0,7000.0,81.14,125.0,4.88
87.7,0x0CFF0500,6D 60 DA A0 A5 22 00 00,160.0,7000.0,85.76,125.0,13.35
87.8,0x0CFF0500,6D 60 E0 A0 A5 15 00 00,160.0,7000.0,88.13,125.0,8.42
87.9,0x0CFF0500,6D 60 E3 A0 A5 07 00 00,160.0,7000.0,89.26,125.0,2.84
88.0,0x0CFF0500,6D 60 EB A0 A5 09 00 00,160.0,7000.0,92.34,125.0,3.68
88.1,0x0CFF0500,6D 60 E2 99 A5 D3 00 00,153.58,7000.0,88.74,125.0,83.11
88.2,0x0CFF0500,6D 60 DA 9E A5 06 00 00,158.7,7000.0,85.64,125.0,2.52
88.3,0x0CFF0500,6D 60 DE 99 A5 B6 00 00,153.82,7000.0,87.17,125.0,71.76
88.4,0x0CFF0500,6D 60 E7 A0 A5 04 00 00,160.0,7000.0,90.62,125.0,1.81
88.5,0x0CFF0500,6D 60 DF A0 A5 02 00 00,160.0,7000.0,87.65,125.0,0.91
88.6,0x0CFF0500,6D 60 DB A0 A5 24 00 00,160.0,7000.0,86.08,125.0,14.45
88.7,0x0CFF0500,6D 60 D3 A0 A5 18 00 00,160.0,7000.0,82.83,125.0,9.54
88.8,0x0CFF0500,6D 60 D2 A0 A5 22 00 00,160.0,7000.0,82.64,125.0,13.67
88.9,0x0CFF0500,6D 60 C8 A0 A5 23 00 00,160.0,7000.0,78.65,125.0,14.0
89.0,0x0CFF0500,6D 60 CB A0 A5 13 00 00,160.0,7000.0,79.92,125.0,7.65
89.1,0x0CFF0500,6D 60 C4 A0 A5 15 00 00,160.0,7000.0,77.17,125.0,8.35
89.2,0x0CFF0500,6D 60 C2 A0 A5 09 00 00,160.0,7000.0,76.26,125.0,3.92
89.3,0x0CFF0500,6D 60 C6 A0 A5 00 00 00,160.0,7000.0,77.65,125.0,0.24
89.4,0x0CFF0500,6D 60 C5 A0 A5 22 00 00,160.0,7000.0,77.37,125.0,13.43
89.5,0x0CFF0500,6D 60 BB A0 A5 1F 00 00,160.0,7000.0,73.65,125.0,12.48
89.6,0x0CFF0500,6D 60 B5 A0 A5 1D 00 00,160.0,7000.0,71.24,125.0,11.52
89.7,0x0CFF0500,6D 60 AB A0 A5 0A 00 00,160.0,7000.0,67.42,125.0,4.22
89.8,0x0CFF0500,6D 60 A7 A0 A5 12 00 00,160.0,7000.0,65.53,125.0,7.41
89.9,0x0CFF0500,6D 60 AF A0 A5 0F 00 00,160.0,7000.0,68.92,125.0,5.94
90.0,0x0CFF0500,6D 60 B5 A0 A5 15 00 00,160.0,7000.0,71.06,125.0,8.48
90.1,0x0CFF0500,6D 60 B7 A0 A5 1D 00 00,160.0,7000.0,71.77,125.0,11.73
90.2,0x0CFF0500,6D 60 B9 A0 A4 11 00 00,160.0,7000.0,72.81,124.94,6.81
90.3,0x0CFF0500,6D 60 C6 A0 A5 0A 00 00,160.0,7000.0,77.77,125.0,4.11
90.4,0x0CFF0500,6D 60 C2 A0 A4 10 00 00,160.0,7000.0,76.27,124.95,6.3
90.5,0x0CFF0500,6D 60 C9 A0 A4 25 00 00,160.0,7000.0,78.9,124.93,14.67
90.6,0x0CFF0500,6D 60 C1 A0 A4 12 00 00,160.0,7000.0,75.78,124.98,7.2
90.7,0x0CFF0500,6D 60 BC A0 A5 0D 00 00,160.0,7000.0,73.92,125.0,5.11
90.8,0x0CFF0500,6D 60 C3 A0 A4 17 00 00,160.0,7000.0,76.8,124.93,9.38
90.9,0x0CFF0500,6D 60 BB A0 A5 04 00 00,160.0,7000.0,73.38,125.0,1.91
91.0,0x0CFF0500,6D 60 BD A0 A5 0B 00 00,160.0,7000.0,74.42,125.0,4.42
91.1,0x0CFF0500,6D 60 B3 A0 A5 0E 00 00,160.0,7000.0,70.51,125.0,5.76
91.2,0x0CFF0500,6D 60 B4 A0 A4 0C 00 00,160.0,7000.0,70.6,124.94,4.92
91.3,0x0CFF0500,6D 60 B6 A0 A5 18 00 00,160.0,7000.0,71.76,125.0,9.56
91.4,0x0CFF0500,6D 60 AE A0 A5 0B 00 00,160.0,7000.0,68.3,125.0,4.68
91.5,0x0CFF0500,6D 60 A7 A0 A5 0B 00 00,160.0,7000.0,65.63,125.0,4.63
91.6,0x0CFF0500,6D 60 A8 A0 A4 1F 00 00,160.0,7000.0,66.19,125.0,12.53
91.7,0x0CFF0500,6D 60 A6 A0 A5 19 00 00,160.0,7000.0,65.27,125.0,10.02
91.8,0x0CFF0500,6D 60 AA A0 A5 10 00 00,160.0,7000.0,66.81,125.0,6.28
91.9,0x0CFF0500,6D 60 A5 A0 A5 17 00 00,160.0,7000.0,64.88,125.0,9.36
92.0,0x0CFF0500,6D 60 9F A0 A4 25 00 00,160.0,7000.0,62.54,124.96,14.85
92.1,0x0CFF0500,6D 60 A2 A0 A4 1D 00 00,160.0,7000.0,63.81,124.95,11.48
92.2,0x0CFF0500,6D 60 A0 A0 A5 15 00 00,160.0,7000.0,62.87,125.0,8.32
92.3,0x0CFF0500,6D 60 9E A0 A5 1E 00 00,160.0,7000.0,62.28,125.0,11.81
92.4,0x0CFF0500,6D 60 AA A0 A4 25 00 00,160.0,7000.0,66.75,124.94,14.66
92.5,0x0CFF0500,6D 60 B2 A0 A5 07 00 00,160.0,7000.0,69.91,125.0,2.88
92.6,0x0CFF0500,6D 60 B6 A0 A4 07 00 00,160.0,7000.0,71.45,124.94,2.84
92.7,0x0CFF0500,6D 60 BF A0 A5 25 00 00,160.0,7000.0,75.11,125.0,14.53
92.8,0x0CFF0500,6D 60 C1 A0 A5 1C 00 00,160.0,7000.0,75.69,125.0,11.27
92.9,0x0CFF0500,6D 60 C6 A0 A5 1B 00 00,160.0,7000.0,77.94,125.0,10.73
93.0,0x0CFF0500,6D 60 C1 A0 A5 07 00 00,160.0,7000.0,75.92,125.0,3.05
93.1,0x0CFF0500,6D 60 BF A0 A5 15 00 00,160.0,7000.0,75.28,125.0,8.26
93.2,0x0CFF0500,6D 60 C4 A0 A5 10 00 00,160.0,7000.0,76.87,125.0,6.39
93.3,0x0CFF0500,6D 60 BF A0 A5 18 00 00,160.0,7000.0,74.98,125.0,9.68
93.4,0x0CFF0500,6D 60 CA A0 A4 03 00 00,160.0,7000.0,79.32,124.99,1.48
93.5,0x0CFF0500,6D 60 D2 A0 A5 1A 00 00,160.0,7000.0,82.66,125.0,10.25
93.6,0x0CFF0500,6D 60 DD A0 A5 00 00 00,160.0,7000.0,86.87,125.0,0.13
93.7,0x0CFF0500,6D 60 E2 A0 A5 12 00 00,160.0,7000.0,88.77,125.0,7.08
93.8,0x0CFF0500,6D 60 E3 A0 A5 13 00 00,160.0,7000.0,89.04,125.0,7.74
93.9,0x0CFF0500,6D 60 DD A0 A5 1D 00 00,160.0,7000.0,86.73,125.0,11.55
94.0,0x0CFF0500,6D 60 D5 98 A5 F0 00 00,152.39,7000.0,83.88,125.0,94.31
94.1,0x0CFF0500,6D 60 DD 9C A5 14 00 00,156.31,7000.0,86.89,125.0,8.06
94.2,0x0CFF0500,6D 60 DA A0 A5 18 00 00,160.0,7000.0,85.86,125.0,9.45
94.3,0x0CFF0500,6D 60 DD A0 A5 07 00 00,160.0,7000.0,86.67,125.0,2.83
94.4,0x0CFF0500,6D 60 DF A0 A4 01 00 00,160.0,7000.0,87.65,124.94,0.48
94.5,0x0CFF0500,6D 60 DA A0 A4 19 00 00,160.0,7000.0,85.75,124.93,9.89
94.6,0x0CFF0500,6D 60 D4 A0 A5 04 00 00,160.0,7000.0,83.16,125.0,1.66
94.7,0x0CFF0500,6D 60 CE A0 A5 10 00 00,160.0,7000.0,81.01,125.0,6.48
94.8,0x0CFF0500,6D 60 D4 99 A5 BD 00 00,153.81,7000.0,83.18,125.0,74.28
94.9,0x0CFF0500,6D 60 DE 9F A5 11 00 00,159.34,7000.0,87.09,125.0,6.9
95.0,0x0CFF0500,6D 60 E4 A0 A5 0B 00 00,160.0,7000.0,89.49,125.0,4.46
95.1,0x0CFF0500,6D 60 E4 A0 A5 22 00 00,160.0,7000.0,89.61,125.0,13.66
95.2,0x0CFF0500,6D 60 E0 A0 A5 18 00 00,160.0,7000.0,88.08,125.0,9.42
95.3,0x0CFF0500,6D 60 ED A0 A5 15 00 00,160.0,7000.0,93.01,125.0,8.29
95.4,0x0CFF0500,6D 60 E8 A0 A5 13 00 00,160.0,7000.0,91.28,125.0,7.59
95.5,0x0CFF0500,6D 60 F2 9C A5 BB 00 00,156.47,7000.0,94.99,125.0,73.44
95.6,0x0CFF0500,6D 60 F4 A0 A5 09 00 00,160.0,7000.0,95.92,125.0,3.63
95.7,0x0CFF0500,6D 60 EC A0 A5 0B 00 00,160.0,7000.0,92.83,125.0,4.41
95.8,0x0CFF0500,6D 60 EA 98 A5 E6 00 00,152.34,7000.0,92.05,125.0,90.25
95.9,0x0CFF0500,6D 60 F0 9C A4 22 00 00,156.55,7000.0,94.5,124.92,13.46
96.0,0x0CFF0500,6D 60 FC A0 A5 0E 00 00,160.0,7000.0,98.86,125.0,5.62
96.1,0x0CFF0500,6D 60 FF A0 A4 08 00 00,160.0,7000.0,100.0,124.98,3.31
96.2,0x0CFF0500,6D 60 F7 A0 A5 0C 00 00,160.0,7000.0,96.97,125.0,4.91
96.3,0x0CFF0500,6D 60 F1 A0 A5 0D 00 00,160.0,7000.0,94.89,125.0,5.35
96.4,0x0CFF0500,6D 60 FA A0 A5 18 00 00,160.0,7000.0,98.23,125.0,9.75
96.5,0x0CFF0500,6D 60 F2 A0 A5 14 00 00,160.0,7000.0,95.15,125.0,8.04
96.6,0x0CFF0500,6D 60 F8 A0 A5 19 00 00,160.0,7000.0,97.41,125.0,10.17
96.7,0x0CFF0500,6D 60 FF A0 A5 12 00 00,160.0,7000.0,100.0,125.0,7.23
96.8,0x0CFF0500,6D 60 FF A0 A5 25 00 00,160.0,7000.0,100.0,125.0,14.83
96.9,0x0CFF0500,6D 60 FF A0 A4 02 00 00,160.0,7000.0,100.0,125.0,0.9
97.0,0x0CFF0500,6D 60 FF A0 A5 24 00 00,160.0,7000.0,100.0,125.0,14.19
97.1,0x0CFF0500,6D 60 FF A0 A5 18 00 00,160.0,7000.0,100.0,125.0,9.72
97.2,0x0CFF0500,6D 60 FF A0 A5 19 00 00,160.0,7000.0,100.0,125.0,9.98
97.3,0x0CFF0500,6D 60 FE A0 A5 00 00 00,160.0,7000.0,99.98,125.0,0.09
97.4,0x0CFF0500,6D 60 F6 A0 A4 16 00 00,160.0,7000.0,96.81,124.95,8.89
97.5,0x0CFF0500,6D 60 FD A0 A5 09 00 00,160.0,7000.0,99.3,125.0,3.67
97.6,0x0CFF0500,6D 60 FF A0 A5 03 00 00,160.0,7000.0,100.0,125.0,1.2
97.7,0x0CFF0500,6D 60 FF A0 A5 1F 00 00,160.0,7000.0,100.0,125.0,12.29
97.8,0x0CFF0500,6D 60 FF A0 A5 05 00 00,160.0,7000.0,100.0,125.0,2.29
97.9,0x0CFF0500,6D 60 F6 A0 A4 05 00 00,160.0,7000.0,96.65,124.92,2.05
98.0,0x0CFF0500,6D 60 F7 A0 A5 23 00 00,160.0,7000.0,97.07,125.0,13.89
98.1,0x0CFF0500,6D 60 F6 A0 A4 01 00 00,160.0,7000.0,96.75,124.99,0.58
98.2,0x0CFF0500,6D 60 FF A0 A5 1B 00 00,160.0,7000.0,100.0,125.0,10.83
98.3,0x0CFF0500,6D 60 FF 99 A5 F0 00 00,153.1,7000.0,100.0,125.0,94.39
98.4,0x0CFF0500,6D 60 FF 9E A5 1A 00 00,158.77,7000.0,100.0,125.0,10.22
98.5,0x0CFF0500,6D 60 FF A0 A4 0F 00 00,160.0,7000.0,100.0,124.99,5.97
98.6,0x0CFF0500,6D 60 FA A0 A5 0B 00 00,160.0,7000.0,98.28,125.0,4.53
98.7,0x0CFF0500,6D 60 FF A0 A4 03 00 00,160.0,7000.0,100.0,124.97,1.33
98.8,0x0CFF0500,6D 60 FD A0 A4 0B 00 00,160.0,7000.0,99.58,124.92,4.62
98.9,0x0CFF0500,6D 60 FF A0 A4 1C 00 00,160.0,7000.0,100.0,124.91,11.0
99.0,0x0CFF0500,6D 60 FF A0 A5 1F 00 00,160.0,7000.0,100.0,125.0,12.22
99.1,0x0CFF0500,6D 60 FE A0 A5 17 00 00,160.0,7000.0,99.68,125.0,9.4
99.2,0x0CFF0500,6D 60 FB A0 A5 16 00 00,160.0,7000.0,98.76,125.0,8.78
99.3,0x0CFF0500,6D 60 FF A0 A5 03 00 00,160.0,7000.0,100.0,125.0,1.45
99.4,0x0CFF0500,6D 60 FF A0 A5 0C 00 00,160.0,7000.0,100.0,125.0,5.06
99.5,0x0CFF0500,6D 60 FF A0 A4 0E 00 00,160.0,7000.0,100.0,124.96,5.68
99.6,0x0CFF0500,6D 60 FF A0 A4 21 00 00,160.0,7000.0,100.0,124.98,13.32
99.7,0x0CFF0500,6D 60 FD A0 A4 17 00 00,160.0,7000.0,99.32,124.98,9.28
99.8,0x0CFF0500,6D 60 FF A0 A5 00 00 00,160.0,7000.0,100.0,125.0,0.25
99.9,0x0CFF0500,6D 60 FD A0 A5 17 00 00,160.0,7000.0,99.6,125.0,9.19
100.0,0x0CFF0500,6D 60 FF A0 A5 1C 00 00,160.0,7000.0,100.0,125.0,11.01
100.1,0x0CFF0500,6D 60 FF A0 A5 04 00 00,160.0,7000.0,100.0,125.0,1.92
100.2,0x0CFF0500,6D 60 FF A0 A5 04 00 00,160.0,7000.0,100.0,125.0,1.74
100.3,0x0CFF0500,6D 60 FE A0 A5 1B 00 00,160.0,7000.0,99.91,125.0,10.74
100.4,0x0CFF0500,6D 60 FF A0 A5 22 00 00,160.0,7000.0,100.0,125.0,13.46
100.5,0x0CFF0500,6D 60 FF A0 A5 23 00 00,160.0,7000.0,100.0,125.0,13.98
100.6,0x0CFF0500,6D 60 FD A0 A5 18 00 00,160.0,7000.0,99.43,125.0,9.63
100.7,0x0CFF0500,6D 60 F5 A0 A5 1C 00 00,160.0,7000.0,96.24,125.0,11.11
100.8,0x0CFF0500,6D 60 F8 A0 A5 00 00 00,160.0,7000.0,97.43,125.0,0.03
100.9,0x0CFF0500,6D 60 FD A0 A5 1E 00 00,160.0,7000.0,99.54,125.0,11.95
101.0,0x0CFF0500,6D 60 F6 A0 A5 24 00 00,160.0,7000.0,96.85,125.0,14.14
101.1,0x0CFF0500,6D 60 FF A0 A4 1A 00 00,160.0,7000.0,100.0,124.97,10.54
101.2,0x0CFF0500,6D 60 FF A0 A5 1F 00 00,160.0,7000.0,100.0,125.0,12.43
101.3,0x0CFF0500,6D 60 F9 A0 A5 1C 00 00,160.0,7000.0,97.9,125.0,10.99
101.4,0x0CFF0500,6D 60 F8 A0 A5 25 00 00,160.0,7000.0,97.42,125.0,14.77
101.5,0x0CFF0500,6D 60 FF A0 A5 1C 00 00,160.0,7000.0,100.0,125.0,11.37
101.6,0x0CFF0500,6D 60 FD A0 A5 05 00 00,160.0,7000.0,99.54,125.0,1.96
101.7,0x0CFF0500,6D 60 F7 A0 A5 05 00 00,160.0,7000.0,97.02,125.0,2.06
101.8,0x0CFF0500,6D 60 ED A0 A4 1B 00 00,160.0,7000.0,93.1,124.98,10.89
101.9,0x0CFF0500,6D 60 F6 A0 A4 23 00 00,160.0,7000.0,96.67,124.91,13.89
102.0,0x0CFF0500,6D 60 F9 A0 A4 25 00 00,160.0,7000.0,98.01,124.92,14.55
102.1,0x0CFF0500,6D 60 FF A0 A5 18 00 00,160.0,7000.0,100.0,125.0,9.79
102.2,0x0CFF0500,6D 60 FF A0 A4 0A 00 00,160.0,7000.0,100.0,124.95,4.13
102.3,0x0CFF0500,6D 60 FF A0 A5 00 00 00,160.0,7000.0,100.0,125.0,0.35
102.4,0x0CFF0500,6D 60 FF A0 A4 18 00 00,160.0,7000.0,100.0,124.94,9.67
102.5,0x0CFF0500,6D 60 F9 99 A5 DD 00 00,153.91,7000.0,97.66,125.0,86.68
102.6,0x0CFF0500,6D 60 FF 9F A5 1E 00 00,159.64,7000.0,100.0,125.0,11.85
102.7,0x0CFF0500,6D 60 F8 A0 A4 15 00 00,160.0,7000.0,97.62,125.0,8.32
102.8,0x0CFF0500,6D 60 FF A0 A5 01 00 00,160.0,7000.0,100.0,125.0,0.53
102.9,0x0CFF0500,6D 60 F4 A0 A5 0B 00 00,160.0,7000.0,96.0,125.0,4.51
103.0,0x0CFF0500,6D 60 FA A0 A4 13 00 00,160.0,7000.0,98.26,125.0,7.84
103.1,0x0CFF0500,6D 60 F5 A0 A5 07 00 00,160.0,7000.0,96.39,125.0,2.82
103.2,0x0CFF0500,6D 60 EE A0 A5 17 00 00,160.0,7000.0,93.55,125.0,9.33
103.3,0x0CFF0500,6D 60 EA A0 A5 10 00 00,160.0,7000.0,91.83,125.0,6.38
103.4,0x0CFF0500,6D 60 E4 A0 A5 0E 00 00,160.0,7000.0,89.57,125.0,5.58
103.5,0x0CFF0500,6D 60 E4 A0 A4 00 00 00,160.0,7000.0,89.47,124.96,0.39
103.6,0x0CFF0500,6D 60 E8 A0 A4 0D 00 00,160.0,7000.0,91.23,124.97,5.44
103.7,0x0CFF0500,6D 60 E7 A0 A5 04 00 00,160.0,7000.0,90.64,125.0,1.58
103.8,0x0CFF0500,6D 60 E9 A0 A5 1A 00 00,160.0,7000.0,91.4,125.0,10.51
103.9,0x0CFF0500,6D 60 E7 A0 A5 0D 00 00,160.0,7000.0,90.91,125.0,5.18
104.0,0x0CFF0500,6D 60 E0 A0 A5 00 00 00,160.0,7000.0,88.06,125.0,0.14
104.1,0x0CFF0500,6D 60 E6 A0 A5 25 00 00,160.0,7000.0,90.58,125.0,14.62
104.2,0x0CFF0500,6D 60 EF A0 A5 13 00 00,160.0,7000.0,93.77,125.0,7.53
104.3,0x0CFF0500,6D 60 F8 A0 A4 24 00 00,160.0,7000.0,97.49,124.95,14.21
104.4,0x0CFF0500,6D 60 F2 A0 A5 02 00 00,160.0,7000.0,94.98,125.0,0.86
104.5,0x0CFF0500,6D 60 F3 A0 A5 1B 00 00,160.0,7000.0,95.56,125.0,10.96
104.6,0x0CFF0500,6D 60 F7 A0 A5 22 00 00,160.0,7000.0,97.1,125.0,13.66
104.7,0x0CFF0500,6D 60 FF A0 A5 1F 00 00,160.0,7000.0,100.0,125.0,12.35
104.8,0x0CFF0500,6D 60 FF A0 A5 14 00 00,160.0,7000.0,100.0,125.0,7.85
104.9,0x0CFF0500,6D 60 FD A0 A5 0E 00 00,160.0,7000.0,99.41,125.0,5.6
105.0,0x0CFF0500,6D 60 FA A0 A5 0B 00 00,160.0,7000.0,98.1,125.0,4.4
105.1,0x0CFF0500,6D 60 FE 9A A5 D5 00 00,154.64,7000.0,99.89,125.0,83.89
105.2,0x0CFF0500,6D 60 FC A0 A4 00 00 00,160.0,7000.0,99.08,124.96,0.08
105.3,0x0CFF0500,6D 60 FE A0 A5 05 00 00,160.0,7000.0,99.71,125.0,2.31
105.4,0x0CFF0500,6D 60 FA A0 A5 10 00 00,160.0,7000.0,98.4,125.0,6.43
105.5,0x0CFF0500,6D 60 F8 A0 A4 10 00 00,160.0,7000.0,97.58,124.99,6.51
105.6,0x0CFF0500,6D 60 FF A0 A5 22 00 00,160.0,7000.0,100.0,125.0,13.51
105.7,0x0CFF0500,6D 60 FF A0 A5 1E 00 00,160.0,7000.0,100.0,125.0,12.0
105.8,0x0CFF0500,6D 60 FF A0 A4 0E 00 00,160.0,7000.0,100.0,124.98,5.83
105.9,0x0CFF0500,6D 60 FA A0 A5 19 00 00,160.0,7000.0,98.13,125.0,10.17
106.0,0x0CFF0500,6D 60 FF A0 A5 09 00 00,160.0,7000.0,100.0,125.0,3.72
106.1,0x0CFF0500,6D 60 FA A0 A5 1F 00 00,160.0,7000.0,98.23,125.0,12.31
106.2,0x0CFF0500,6D 60 FF A0 A4 16 00 00,160.0,7000.0,100.0,124.93,8.87
106.3,0x0CFF0500,6D 60 FE A0 A4 17 00 00,160.0,7000.0,99.84,124.97,9.25
106.4,0x0CFF0500,6D 60 FC A0 A4 12 00 00,160.0,7000.0,98.86,124.99,7.19
106.5,0x0CFF0500,6D 60 FB A0 A5 0C 00 00,160.0,7000.0,98.62,125.0,4.8
106.6,0x0CFF0500,6D 60 FF A0 A5 03 00 00,160.0,7000.0,100.0,125.0,1.51
106.7,0x0CFF0500,6D 60 FF A0 A5 0C 00 00,160.0,7000.0,100.0,125.0,4.97
106.8,0x0CFF0500,6D 60 F9 A0 A4 0E 00 00,160.0,7000.0,97.89,124.96,5.76
106.9,0x0CFF0500,6D 60 FE A0 A5 07 00 00,160.0,7000.0,99.78,125.0,2.86
107.0,0x0CFF0500,6D 60 FF A0 A5 07 00 00,160.0,7000.0,100.0,125.0,3.03
107.1,0x0CFF0500,6D 60 FF A0 A5 22 00 00,160.0,7000.0,100.0,125.0,13.6
107.2,0x0CFF0500,6D 60 FE A0 A5 23 00 00,160.0,7000.0,99.77,125.0,13.97
107.3,0x0CFF0500,6D 60 FF A0 A5 1E 00 00,160.0,7000.0,100.0,125.0,11.92
107.4,0x0CFF0500,6D 60 F8 A0 A5 1C 00 00,160.0,7000.0,97.49,125.0,11.26
107.5,0x0CFF0500,6D 60 F3 A0 A5 1A 00 00,160.0,7000.0,95.45,125.0,10.45
107.6,0x0CFF0500,6D 60 EE A0 A5 1B 00 00,160.0,7000.0,93.43,125.0,10.62
107.7,0x0CFF0500,6D 60 F8 A0 A5 23 00 00,160.0,7000.0,97.39,125.0,13.91
107.8,0x0CFF0500,6D 60 EE A0 A5 0D 00 00,160.0,7000.0,93.4,125.0,5.21
107.9,0x0CFF0500,6D 60 ED A0 A5 17 00 00,160.0,7000.0,93.07,125.0,9.17
108.0,0x0CFF0500,6D 60 E7 A0 A5 25 00 00,160.0,7000.0,90.66,125.0,14.57
108.1,0x0CFF0500,6D 60 E5 A0 A5 19 00 00,160.0,7000.0,90.1,125.0,9.81
108.2,0x0CFF0500,6D 60 E8 A0 A5 1E 00 00,160.0,7000.0,91.34,125.0,12.12
108.3,0x0CFF0500,6D 60 E0 A0 A5 06 00 00,160.0,7000.0,88.18,125.0,2.72
108.4,0x0CFF0500,6D 60 D7 A0 A4 06 00 00,160.0,7000.0,84.37,124.94,2.44
108.5,0x0CFF0500,6D 60 E1 A0 A5 25 00 00,160.0,7000.0,88.55,125.0,14.56
108.6,0x0CFF0500,6D 60 D8 A0 A5 1F 00 00,160.0,7000.0,84.74,125.0,12.4
108.7,0x0CFF0500,6D 60 DC A0 A5 00 00 00,160.0,7000.0,86.38,125.0,0.2
108.8,0x0CFF0500,6D 60 D6 A0 A5 12 00 00,160.0,7000.0,84.21,125.0,7.21
108.9,0x0CFF0500,6D 60 DC A0 A5 18 00 00,160.0,7000.0,86.43,125.0,9.41
109.0,0x0CFF0500,6D 60 D5 98 A5 D3 00 00,152.73,7000.0,83.71,125.0,82.81
109.1,0x0CFF0500,6D 60 DF 9C A4 1F 00 00,156.36,7000.0,87.67,124.96,12.34
109.2,0x0CFF0500,6D 60 E3 A0 A5 04 00 00,160.0,7000.0,89.21,125.0,1.78
109.3,0x0CFF0500,6D 60 E7 A0 A5 19 00 00,160.0,7000.0,90.61,125.0,10.19
109.4,0x0CFF0500,6D 60 F1 A0 A4 19 00 00,160.0,7000.0,94.85,124.95,9.93
109.5,0x0CFF0500,6D 60 F6 A0 A5 0C 00 00,160.0,7000.0,96.75,125.0,4.8
109.6,0x0CFF0500,6D 60 FF A0 A5 0A 00 00,160.0,7000.0,100.0,125.0,4.18
109.7,0x0CFF0500,6D 60 FF A0 A5 0F 00 00,160.0,7000.0,100.0,125.0,6.21
109.8,0x0CFF0500,6D 60 FF A0 A5 14 00 00,160.0,7000.0,100.0,125.0,8.01
109.9,0x0CFF0500,6D 60 FF A0 A5 1C 00 00,160.0,7000.0,100.0,125.0,11.22
110.0,0x0CFF0500,6D 60 FF A0 A5 02 00 00,160.0,7000.0,100.0,125.0,0.89
110.1,0x0CFF0500,6D 60 FF A0 A4 25 00 00,160.0,7000.0,100.0,124.94,14.58
110.2,0x0CFF0500,6D 60 FF 97 A5 FC 00 00,151.9,7000.0,100.0,125.0,98.95
110.3,0x0CFF0500,6D 60 FF 9D A5 01 00 00,157.99,7000.0,100.0,125.0,0.45
110.4,0x0CFF0500,6D 60 F8 A0 A5 1C 00 00,160.0,7000.0,97.64,125.0,11.15
110.5,0x0CFF0500,6D 60 FE A0 A5 0A 00 00,160.0,7000.0,99.9,125.0,4.3
110.6,0x0CFF0500,6D 60 FF A0 A5 21 00 00,160.0,7000.0,100.0,125.0,13.14
110.7,0x0CFF0500,6D 60 F8 A0 A5 25 00 00,160.0,7000.0,97.41,125.0,14.6
110.8,0x0CFF0500,6D 60 F2 A0 A5 1C 00 00,160.0,7000.0,95.06,125.0,11.19
110.9,0x0CFF0500,6D 60 FB A0 A4 06 00 00,160.0,7000.0,98.51,124.96,2.47
111.0,0x0CFF0500,6D 60 FF A0 A5 01 00 00,160.0,7000.0,100.0,125.0,0.42
111.1,0x0CFF0500,6D 60 FF 9C A5 C7 00 00,156.24,7000.0,100.0,125.0,78.08
111.2,0x0CFF0500,6D 60 FC 96 A4 CD 00 00,150.62,7000.0,98.83,125.0,80.7
111.3,0x0CFF0500,6D 60 FF 9B A4 1A 00 00,155.85,7000.0,100.0,124.95,10.54
111.4,0x0CFF0500,6D 60 FF A0 A4 0E 00 00,160.0,7000.0,100.0,124.93,5.73
111.5,0x0CFF0500,6D 60 F6 A0 A5 1B 00 00,160.0,7000.0,96.84,125.0,10.78
111.6,0x0CFF0500,6D 60 F8 A0 A5 1B 00 00,160.0,7000.0,97.49,125.0,10.93
111.7,0x0CFF0500,6D 60 FF A0 A4 10 00 00,160.0,7000.0,100.0,125.0,6.46
111.8,0x0CFF0500,6D 60 F8 A0 A5 18 00 00,160.0,7000.0,97.37,125.0,9.42
111.9,0x0CFF0500,6D 60 FF A0 A4 03 00 00,160.0,7000.0,100.0,124.98,1.31
112.0,0x0CFF0500,6D 60 F6 A0 A4 06 00 00,160.0,7000.0,96.8,125.0,2.69
112.1,0x0CFF0500,6D 60 EF A0 A5 04 00 00,160.0,7000.0,94.07,125.0,1.86
112.2,0x0CFF0500,6D 60 E8 A0 A5 0E 00 00,160.0,7000.0,91.23,125.0,5.5
112.3,0x0CFF0500,6D 60 F2 A0 A5 1A 00 00,160.0,7000.0,95.11,125.0,10.24
112.4,0x0CFF0500,6D 60 EE A0 A5 06 00 00,160.0,7000.0,93.72,125.0,2.37
112.5,0x0CFF0500,6D 60 F3 A0 A5 22 00 00,160.0,7000.0,95.51,125.0,13.5
112.6,0x0CFF0500,6D 60 ED A0 A5 0C 00 00,160.0,7000.0,93.3,125.0,4.93
112.7,0x0CFF0500,6D 60 E4 A0 A4 05 00 00,160.0,7000.0,89.65,124.93,2.34
112.8,0x0CFF0500,6D 60 EF A0 A5 0D 00 00,160.0,7000.0,94.07,125.0,5.42
112.9,0x0CFF0500,6D 60 EB A0 A5 18 00 00,160.0,7000.0,92.5,125.0,9.54
113.0,0x0CFF0500,6D 60 ED A0 A5 19 00 00,160.0,7000.0,93.23,125.0,10.04
113.1,0x0CFF0500,6D 60 E7 A0 A4 0D 00 00,160.0,7000.0,90.71,124.98,5.24
113.2,0x0CFF0500,6D 60 ED 98 A5 EE 00 00,152.68,7000.0,92.94,125.0,93.49
113.3,0x0CFF0500,6D 60 F9 9D A4 23 00 00,157.88,7000.0,97.82,124.98,14.08
113.4,0x0CFF0500,6D 60 FF A0 A4 04 00 00,160.0,7000.0,100.0,124.89,1.7
113.5,0x0CFF0500,6D 60 F7 A0 A5 11 00 00,160.0,7000.0,97.13,125.0,6.74
113.6,0x0CFF0500,6D 60 F1 A0 A5 0E 00 00,160.0,7000.0,94.63,125.0,5.66
113.7,0x0CFF0500,6D 60 FB A0 A5 13 00 00,160.0,7000.0,98.7,125.0,7.53
113.8,0x0CFF0500,6D 60 FD A0 A5 14 00 00,160.0,7000.0,99.58,125.0,7.85
113.9,0x0CFF0500,6D 60 FF A0 A5 0E 00 00,160.0,7000.0,100.0,125.0,5.72
114.0,0x0CFF0500,6D 60 FF A0 A5 26 00 00,160.0,7000.0,100.0,125.0,14.93
114.1,0x0CFF0500,6D 60 FF A0 A4 23 00 00,160.0,7000.0,100.0,124.93,13.91
114.2,0x0CFF0500,6D 60 F9 A0 A4 11 00 00,160.0,7000.0,98.01,124.89,6.82
114.3,0x0CFF0500,6D 60 F9 A0 A4 1F 00 00,160.0,7000.0,97.72,124.96,12.31
114.4,0x0CFF0500,6D 60 FF A0 A4 0A 00 00,160.0,7000.0,100.0,124.97,3.97
114.5,0x0CFF0500,6D 60 F5 A0 A5 05 00 00,160.0,7000.0,96.14,125.0,2.3
114.6,0x0CFF0500,6D 60 FF A0 A5 09 00 00,160.0,7000.0,100.0,125.0,3.63
114.7,0x0CFF0500,6D 60 F7 A0 A5 18 00 00,160.0,7000.0,97.16,125.0,9.54
114.8,0x0CFF0500,6D 60 FF A0 A5 13 00 00,160.0,7000.0,100.0,125.0,7.56
114.9,0x0CFF0500,6D 60 FF A0 A5 07 00 00,160.0,7000.0,100.0,125.0,3.06
115.0,0x0CFF0500,6D 60 FF A0 A5 03 00 00,160.0,7000.0,100.0,125.0,1.18
115.1,0x0CFF0500,6D 60 FA A0 A5 22 00 00,160.0,7000.0,98.16,125.0,13.47
115.2,0x0CFF0500,6D 60 FF A0 A5 0A 00 00,160.0,7000.0,100.0,125.0,4.12
115.3,0x0CFF0500,6D 60 FF A0 A5 04 00 00,160.0,7000.0,100.0,125.0,1.61
115.4,0x0CFF0500,6D 60 FD 9D A5 B8 00 00,157.05,7000.0,99.52,125.0,72.21
115.5,0x0CFF0500,6D 60 FF A0 A5 1E 00 00,160.0,7000.0,100.0,125.0,12.13
115.6,0x0CFF0500,6D 60 FF A0 A4 26 00 00,160.0,7000.0,100.0,124.98,14.91
115.7,0x0CFF0500,6D 60 F9 99 A4 D9 00 00,153.34,7000.0,97.74,124.94,85.35
115.8,0x0CFF0500,6D 60 F4 9D A5 1B 00 00,157.94,7000.0,95.71,125.0,10.92
115.9,0x0CFF0500,6D 60 F0 A0 A4 1C 00 00,160.0,7000.0,94.36,124.99,11.18
116.0,0x0CFF0500,6D 60 FA A0 A5 0A 00 00,160.0,7000.0,98.35,125.0,4.22
116.1,0x0CFF0500,6D 60 FB A0 A5 21 00 00,160.0,7000.0,98.74,125.0,13.24
116.2,0x0CFF0500,6D 60 FE A0 A4 0E 00 00,160.0,7000.0,99.84,124.93,5.61
116.3,0x0CFF0500,6D 60 FB A0 A4 1F 00 00,160.0,7000.0,98.48,124.86,12.4
116.4,0x0CFF0500,6D 60 FF A0 A5 0D 00 00,160.0,7000.0,100.0,125.0,5.37
116.5,0x0CFF0500,6D 60 F5 A0 A5 0C 00 00,160.0,7000.0,96.1,125.0,4.93
116.6,0x0CFF0500,6D 60 F6 A0 A5 03 00 00,160.0,7000.0,96.84,125.0,1.54
116.7,0x0CFF0500,6D 60 F6 A0 A5 1C 00 00,160.0,7000.0,96.64,125.0,11.34
116.8,0x0CFF0500,6D 60 F5 A0 A5 04 00 00,160.0,7000.0,96.43,125.0,1.86
116.9,0x0CFF0500,6D 60 FF A0 A5 25 00 00,160.0,7000.0,100.0,125.0,14.82
117.0,0x0CFF0500,6D 60 F5 A0 A5 18 00 00,160.0,7000.0,96.35,125.0,9.67
117.1,0x0CFF0500,6D 60 F4 A0 A5 15 00 00,160.0,7000.0,95.96,125.0,8.35
117.2,0x0CFF0500,6D 60 FF A0 A4 04 00 00,160.0,7000.0,100.0,124.94,1.82
117.3,0x0CFF0500,6D 60 FF A0 A4 10 00 00,160.0,7000.0,100.0,125.0,6.54
117.4,0x0CFF0500,6D 60 FF A0 A5 21 00 00,160.0,7000.0,100.0,125.0,13.02
117.5,0x0CFF0500,6D 60 FF A0 A5 1F 00 00,160.0,7000.0,100.0,125.0,12.19
117.6,0x0CFF0500,6D 60 FF A0 A4 21 00 00,160.0,7000.0,100.0,124.96,13.32
117.7,0x0CFF0500,6D 60 FF A0 A4 25 00 00,160.0,7000.0,100.0,124.99,14.65
117.8,0x0CFF0500,6D 60 FF A0 A4 21 00 00,160.0,7000.0,100.0,124.93,13.09
117.9,0x0CFF0500,6D 60 F5 A0 A4 08 00 00,160.0,7000.0,96.12,124.93,3.24
118.0,0x0CFF0500,6D 60 FE A0 A5 1D 00 00,160.0,7000.0,99.84,125.0,11.41
118.1,0x0CFF0500,6D 60 FC A0 A4 25 00 00,160.0,7000.0,99.12,124.99,14.63
118.2,0x0CFF0500,6D 60 F9 A0 A5 21 00 00,160.0,7000.0,97.88,125.0,13.05
118.3,0x0CFF0500,6D 60 F3 A0 A5 01 00 00,160.0,7000.0,95.56,125.0,0.43
118.4,0x0CFF0500,6D 60 EC A0 A4 13 00 00,160.0,7000.0,92.92,124.96,7.53
118.5,0x0CFF0500,6D 60 EC A0 A5 0B 00 00,160.0,7000.0,92.72,125.0,4.41
118.6,0x0CFF0500,6D 60 F1 A0 A5 24 00 00,160.0,7000.0,94.54,125.0,14.38
118.7,0x0CFF0500,6D 60 EC A0 A5 17 00 00,160.0,7000.0,92.58,125.0,9.3
118.8,0x0CFF0500,6D 60 E6 A0 A5 1E 00 00,160.0,7000.0,90.43,125.0,11.79
118.9,0x0CFF0500,6D 60 EC A0 A5 12 00 00,160.0,7000.0,92.73,125.0,7.15
119.0,0x0CFF0500,6D 60 F6 99 A5 D6 00 00,153.81,7000.0,96.83,125.0,84.24
119.1,0x0CFF0500,6D 60 FF 9F A5 16 00 00,159.64,7000.0,100.0,125.0,8.91
119.2,0x0CFF0500,6D 60 FF A0 A4 25 00 00,160.0,7000.0,100.0,124.97,14.86
119.3,0x0CFF0500,6D 60 FF A0 A5 11 00 00,160.0,7000.0,100.0,125.0,6.79
119.4,0x0CFF0500,6D 60 FF A0 A5 22 00 00,160.0,7000.0,100.0,125.0,13.37
119.5,0x0CFF0500,6D 60 FF A0 A4 00 00 00,160.0,7000.0,100.0,124.97,0.31
119.6,0x0CFF0500,6D 60 FF A0 A5 25 00 00,160.0,7000.0,100.0,125.0,14.6
119.7,0x0CFF0500,6D 60 FF A0 A5 19 00 00,160.0,7000.0,100.0,125.0,10.18
119.8,0x0CFF0500,6D 60 FF A0 A4 0E 00 00,160.0,7000.0,100.0,124.93,5.87
119.9,0x0CFF0500,6D 60 FF A0 A4 10 00 00,160.0,7000.0,100.0,124.96,6.5
